Workbook

Sheet 26년 5월
C1: ◎ 스테리케어 손익 결산 (부가세별도가 기준)
H2: 2026년 (귀속월 기준)
C3: 대분류 | D3: 중분류 | E3: 소분류 | F3: 상대거래처 | G3: 상세내역 | H3: 1월 | I3: 1월 비율계상 (%) | J3: 2월 | K3: 2월 비율계상 (%) | L3: 3월 | M3: 3월 비율계상 (%) | N3: 1분기 합계 | O3: 1분기 비율계상 (%) | P3: 4월 | Q3: 4월 비율계상 (%) | R3: 5월 | S3: 5월 비율계상 (%) | T3: 6월 | U3: 6월 비율계상 (%) | V3: 2분기 합계 | W3: 2분기 비율계상 (%) | X3: 7월 | Y3: 7월 비율계상 (%) | Z3: 8월 | AA3: 8월 비율계상 (%) | AB3: 9월 | AC3: 9월 비율계상 (%) | AD3: 3분기 합계 | AE3: 3분기 비율계상 (%) | AF3: 10월 | AG3: 10월 비율계상 (%) | AH3: 11월 | AI3: 11월 비율계상 (%) | AJ3: 12월 | AK3: 12월 비율계상 (%) | AL3: 4분기 합계 | AM3: 4분기 비율계상 (%) | AN3: 2026년 합계 | AO3: 비고
C4: 매출원가 | D4: 서비스매출원가 | E4: 가운원가 | F4: 부천세종병원 | G4: 가운원가반영 | H4: ='월별원가(류)5월'!Q11 -> 1298904.5 | I4: =H4/H11 -> 0.040444379 | J4: ='월별원가(류)5월'!R11 -> 1029270.9 | K4: =J4/J11 -> 0.03687823 | L4: ='월별원가(류)5월'!S11 -> 1021823.6 | M4: =L4/L11 -> 0.03310279 | N4: =SUM(H4,J4,L4) -> 3349999.1 | O4: =N4/N11 -> 0.036856102 | P4: ='월별원가(류)5월'!T11 -> 1202576.4 | Q4: =P4/P11 -> 0.038145629 | R4: ='월별원가(류)5월'!U11 -> 927198.18 | S4: =R4/R11 -> 0.034085681 | U4: =T4/T11 -> #DIV/0! | V4: =SUM(P4,R4,T4) -> 2129774.5 | W4: =V4/V$27 -> 0.010967051 | Y4: =X4/X11 -> #DIV/0! | AA4: =Z4/Z11 -> #DIV/0! | AC4: =AB4/AB11 -> #DIV/0! | AD4: =SUM(X4,Z4,AB4) -> 0 | AE4: =AD4/AD$27 -> #DIV/0! | AG4: =AF4/AF11 -> #DIV/0! | AI4: =AH4/AH11 -> #DIV/0! | AK4: =AJ4/AJ11 -> #DIV/0! | AL4: =SUM(AF4,AH4,AJ4) -> 0 | AM4: =AL4/AL$27 -> #DIV/0! | AN4: =SUM(AD4,V4,N4,AL4) -> 5479773.6
C5: 매출원가 | D5: 서비스매출원가 | E5: 가운원가 | F5: 인천세종병원 | G5: 가운원가반영 | H5: ='월별원가(류)5월'!Q19 -> 1631721.8 | I5: =H5/H16 -> 0.044456817 | J5: ='월별원가(류)5월'!R19 -> 1289300.9 | K5: =J5/J16 -> 0.041560373 | L5: ='월별원가(류)5월'!S19 -> 1459183.6 | M5: =L5/L16 -> 0.040488366 | N5: =SUM(H5,J5,L5) -> 4380206.4 | O5: =N5/N16 -> 0.042212566 | P5: ='월별원가(류)5월'!T19 -> 1459327.3 | Q5: =P5/P16 -> 0.039821982 | R5: ='월별원가(류)5월'!U19 -> 1316907.3 | S5: =R5/R16 -> 0.039420615 | U5: =T5/T16 -> #DIV/0! | V5: =SUM(P5,R5,T5) -> 2776234.5 | W5: =V5/V$27 -> 0.014295929 | Y5: =X5/X16 -> #DIV/0! | AA5: =Z5/Z16 -> #DIV/0! | AC5: =AB5/AB16 -> #DIV/0! | AD5: =SUM(X5,Z5,AB5) -> 0 | AE5: =AD5/AD$27 -> #DIV/0! | AG5: =AF5/AF16 -> #DIV/0! | AI5: =AH5/AH16 -> #DIV/0! | AK5: =AJ5/AJ16 -> #DIV/0! | AL5: =SUM(AF5,AH5,AJ5) -> 0 | AM5: =AL5/AL$27 -> #DIV/0! | AN5: =SUM(AD5,V5,N5,AL5) -> 7156440.9
B6: 가운 원가 합계 | H6: =SUM(H4:H5) -> 2930626.4 | I6: =H6/H27 -> 0.034547478 | J6: =SUM(J4:J5) -> 2318571.8 | K6: =J6/J27 -> 0.031432881 | L6: =SUM(L4:L5) -> 2481007.3 | M6: =L6/L27 -> 0.024404956 | N6: =SUM(H6,J6,L6) -> 7730205.5 | O6: =N6/N27 -> 0.029702821 | P6: =SUM(P4:P5) -> 2661903.6 | Q6: =P6/P27 -> 0.026076823 | R6: =SUM(R4:R5) -> 2244105.5 | S6: =R6/R27 -> 0.024361133 | T6: =SUM(T4:T5) -> 0 | U6: =T6/T27 -> #DIV/0! | V6: =SUM(P6,R6,T6) -> 4906009.1 | W6: =V6/V$27 -> 0.02526298 | X6: =SUM(X4:X5) -> 0 | Y6: =X6/X27 -> #DIV/0! | Z6: =SUM(Z4:Z5) -> 0 | AA6: =Z6/Z27 -> #DIV/0! | AB6: =SUM(AB4:AB5) -> 0 | AC6: =AB6/AB27 -> #DIV/0! | AD6: =SUM(X6,Z6,AB6) -> 0 | AE6: =AD6/AD$27 -> #DIV/0! | AF6: =SUM(AF4:AF5) -> 0 | AG6: =AF6/AF27 -> #DIV/0! | AH6: =SUM(AH4:AH5) -> 0 | AI6: =AH6/AH27 -> #DIV/0! | AJ6: =SUM(AJ4:AJ5) -> 0 | AK6: =AJ6/AJ27 -> #DIV/0! | AL6: =SUM(AF6,AH6,AJ6) -> 0 | AM6: =AL6/AL$27 -> #DIV/0! | AN6: =SUM(AN4:AN5) -> 12636215
C7: 매출 | D7: 서비스매출 | E7: 서비스매출 | F7: 부천세종병원 | G7: 일반세탁물 | H7: 26032869 | I7: =H7/H$27 -> 0.3068866 | J7: 23030641 | K7: =J7/J$27 -> 0.31222643 | L7: 25936284 | M7: =L7/L$27 -> 0.25512778 | N7: =SUM(H7,J7,L7) -> 74999794 | O7: =N7/$N$27 -> 0.28818193 | P7: 25857801 | Q7: =P7/$P$27 -> 0.25331094 | R7: 22822321 | S7: =R7/$R$27 -> 0.24775021 | U7: =T7/$T$27 -> #DIV/0! | V7: =SUM(P7,R7,T7) -> 48680122 | W7: =V7/V$27 -> 0.25067319 | Y7: =X7/X$27 -> #DIV/0! | AA7: =Z7/Z$27 -> #DIV/0! | AC7: =AB7/AB$27 -> #DIV/0! | AD7: =SUM(X7,Z7,AB7) -> 0 | AE7: =AD7/AD$27 -> #DIV/0! | AG7: =AF7/AF$27 -> #DIV/0! | AI7: =AH7/AH$27 -> #DIV/0! | AK7: =AJ7/AJ$27 -> #DIV/0! | AL7: =SUM(AF7,AH7,AJ7) -> 0 | AM7: =AL7/AL$27 -> #DIV/0! | AN7: =SUM(N7+V7+AD7+AL7) -> 123679916
C8: 매출 | D8: 서비스매출 | E8: 서비스매출 | G8: 렌탈가운_멸균 | H8: 4792500 | I8: =H8/H$27 -> 0.056496041 | J8: 3709800 | K8: =J8/J$27 -> 0.050293764 | L8: 3612600 | M8: =L8/L$27 -> 0.035536109 | N8: =SUM(H8,J8,L8) -> 12114900 | O8: =N8/$N$27 -> 0.046550731 | P8: 4325400 | Q8: =P8/$P$27 -> 0.042372943 | R8: 3385800 | S8: =R8/$R$27 -> 0.036754924 | U8: =T8/$T$27 -> #DIV/0! | V8: =SUM(P8,R8,T8) -> 7711200 | W8: =V8/V$27 -> 0.039708017 | Y8: =X8/X$27 -> #DIV/0! | AA8: =Z8/Z$27 -> #DIV/0! | AC8: =AB8/AB$27 -> #DIV/0! | AD8: =SUM(X8,Z8,AB8) -> 0 | AE8: =AD8/AD$27 -> #DIV/0! | AG8: =AF8/AF$27 -> #DIV/0! | AI8: =AH8/AH$27 -> #DIV/0! | AK8: =AJ8/AJ$27 -> #DIV/0! | AL8: =SUM(AF8,AH8,AJ8) -> 0 | AM8: =AL8/AL$27 -> #DIV/0! | AN8: =SUM(N8+V8+AD8+AL8) -> 19826100
C9: 매출 | D9: 서비스매출 | E9: 서비스매출 | G9: 렌탈가운_비멸균 | H9: 271364 | I9: =H9/H$27 -> 0.003198955 | J9: 271364 | K9: =J9/J$27 -> 0.0036788821 | L9: 282955 | M9: =L9/L$27 -> 0.0027833471 | N9: =SUM(H9,J9,L9) -> 825683 | O9: =N9/$N$27 -> 0.0031726343 | P9: 444545 | Q9: =P9/$P$27 -> 0.0043548989 | R9: 233864 | S9: =R9/$R$27 -> 0.0025387363 | U9: =T9/$T$27 -> #DIV/0! | V9: =SUM(P9,R9,T9) -> 678409 | W9: =V9/V$27 -> 0.0034933961 | Y9: =X9/X$27 -> #DIV/0! | AA9: =Z9/Z$27 -> #DIV/0! | AC9: =AB9/AB$27 -> #DIV/0! | AD9: =SUM(X9,Z9,AB9) -> 0 | AE9: =AD9/AD$27 -> #DIV/0! | AG9: =AF9/AF$27 -> #DIV/0! | AI9: =AH9/AH$27 -> #DIV/0! | AK9: =AJ9/AJ$27 -> #DIV/0! | AL9: =SUM(AF9,AH9,AJ9) -> 0 | AM9: =AL9/AL$27 -> #DIV/0! | AN9: =SUM(N9+V9+AD9+AL9) -> 1504092
C10: 매출 | D10: 서비스매출 | E10: 서비스매출 | G10: 렌탈 멸균 프로텍트커버 | H10: 1019091 | I10: =H10/H$27 -> 0.012013481 | J10: 898182 | K10: =J10/J$27 -> 0.012176655 | L10: 1036364 | M10: =L10/L$27 -> 0.010194415 | N10: =SUM(H10,J10,L10) -> 2953637 | O10: =N10/$N$27 -> 0.011349162 | P10: 898182 | Q10: =P10/$P$27 -> 0.0087988659 | R10: 760000 | S10: =R10/$R$27 -> 0.0082502635 | U10: =T10/$T$27 -> #DIV/0! | V10: =SUM(P10,R10,T10) -> 1658182 | W10: =V10/V$27 -> 0.0085386345 | Y10: =X10/X$27 -> #DIV/0! | AA10: =Z10/Z$27 -> #DIV/0! | AC10: =AB10/AB$27 -> #DIV/0! | AD10: =SUM(X10,Z10,AB10) -> 0 | AE10: =AD10/AD$27 -> #DIV/0! | AG10: =AF10/AF$27 -> #DIV/0! | AI10: =AH10/AH$27 -> #DIV/0! | AK10: =AJ10/AJ$27 -> #DIV/0! | AL10: =SUM(AF10,AH10,AJ10) -> 0 | AM10: =AL10/AL$27 -> #DIV/0! | AN10: =SUM(N10+V10+AD10+AL10) -> 4611819
C11: 매출 | D11: 서비스매출 | E11: 서비스매출 | G11: 부천세종병원 매출 합계 | H11: =SUM(H7:H10) -> 32115824 | I11: =H11/H$27 -> 0.37859508 | J11: =SUM(J7:J10) -> 27909987 | K11: =J11/J$27 -> 0.37837573 | L11: =SUM(L7:L10) -> 30868203 | M11: =L11/L$27 -> 0.30364165 | N11: =SUM(H11,J11,L11) -> 90894014 | O11: =N11/$N$27 -> 0.34925445 | P11: =SUM(P7:P10) -> 31525928 | Q11: =P11/P27 -> 0.30883764 | R11: =SUM(R7:R10) -> 27201985 | S11: =R11/R27 -> 0.29529414 | T11: =SUM(T7:T10) -> 0 | U11: =T11/T27 -> #DIV/0! | V11: =SUM(P11,R11,T11) -> 58727913 | W11: =V11/V$27 -> 0.30241324 | X11: =SUM(X7:X10) -> 0 | Y11: =X11/X27 -> #DIV/0! | Z11: =SUM(Z7:Z10) -> 0 | AA11: =Z11/Z27 -> #DIV/0! | AB11: =SUM(AB7:AB10) -> 0 | AC11: =AB11/AB27 -> #DIV/0! | AD11: =SUM(X11,Z11,AB11) -> 0 | AE11: =AD11/AD$27 -> #DIV/0! | AF11: =SUM(AF7:AF10) -> 0 | AG11: =AF11/AF27 -> #DIV/0! | AH11: =SUM(AH7:AH10) -> 0 | AI11: =AH11/AH27 -> #DIV/0! | AJ11: =SUM(AJ7:AJ10) -> 0 | AK11: =AJ11/AJ27 -> #DIV/0! | AL11: =SUM(AF11,AH11,AJ11) -> 0 | AM11: =AL11/AL$27 -> #DIV/0! | AN11: =SUM(AN7:AN10) -> 149621927 | AP11: =R11+R16+R22+R24+R26 -> 92118270
C12: 매출 | D12: 서비스매출 | E12: 서비스매출 | F12: 인천세종병원 | G12: 일반세탁물 | H12: 29669531 | I12: =H12/H$27 -> 0.34975713 | J12: 25419534 | K12: =J12/J$27 -> 0.34461266 | L12: 29658333 | M12: =L12/L$27 -> 0.2917405 | N12: =SUM(H12,J12,L12) -> 84747398 | O12: =N12/$N$27 -> 0.32563647 | P12: 30195047 | Q12: =P12/$P$27 -> 0.29579993 | R12: 27783036 | S12: =R12/$R$27 -> 0.3016018 | U12: =T12/$T$27 -> #DIV/0! | V12: =SUM(P12,R12,T12) -> 57978083 | W12: =V12/V$27 -> 0.29855206 | Y12: =X12/X$27 -> #DIV/0! | AA12: =Z12/Z$27 -> #DIV/0! | AC12: =AB12/AB$27 -> #DIV/0! | AD12: =SUM(X12,Z12,AB12) -> 0 | AE12: =AD12/AD$27 -> #DIV/0! | AG12: =AF12/AF$27 -> #DIV/0! | AI12: =AH12/AH$27 -> #DIV/0! | AK12: =AJ12/AJ$27 -> #DIV/0! | AL12: =SUM(AF12,AH12,AJ12) -> 0 | AM12: =AL12/AL$27 -> #DIV/0! | AN12: =SUM(AD12,V12,N12,AL12) -> 142725481
C13: 매출 | D13: 서비스매출 | E13: 서비스매출 | G13: 렌탈가운_멸균 | H13: 6107400 | I13: =H13/H$27 -> 0.071996645 | J13: 4760100 | K13: =J13/J$27 -> 0.064532682 | L13: 5524200 | M13: =L13/L$27 -> 0.054339969 | N13: =SUM(H13,J13,L13) -> 16391700 | O13: =N13/$N$27 -> 0.062984062 | P13: 5346000 | Q13: =P13/$P$27 -> 0.052371053 | R13: 5005800 | S13: =R13/$R$27 -> 0.054341012 | U13: =T13/$T$27 -> #DIV/0! | V13: =SUM(P13,R13,T13) -> 10351800 | W13: =V13/V$27 -> 0.05330551 | Y13: =X13/X$27 -> #DIV/0! | AA13: =Z13/Z$27 -> #DIV/0! | AC13: =AB13/AB$27 -> #DIV/0! | AD13: =SUM(X13,Z13,AB13) -> 0 | AE13: =AD13/AD$27 -> #DIV/0! | AG13: =AF13/AF$27 -> #DIV/0! | AI13: =AH13/AH$27 -> #DIV/0! | AK13: =AJ13/AJ$27 -> #DIV/0! | AL13: =SUM(AF13,AH13,AJ13) -> 0 | AM13: =AL13/AL$27 -> #DIV/0! | AN13: =SUM(N13+V13+AD13+AL13) -> 26743500
C14: 매출 | D14: 서비스매출 | E14: 서비스매출 | G14: 렌탈가운_비멸균 | H14: 926592 | I14: =H14/H$27 -> 0.010923063 | J14: 842727 | K14: =J14/J$27 -> 0.011424851 | L14: 857045 | M14: =L14/L$27 -> 0.0084305055 | N14: =SUM(H14,J14,L14) -> 2626364 | O14: =N14/$N$27 -> 0.010091636 | P14: 1105227 | Q14: =P14/$P$27 -> 0.010827142 | R14: 617727 | S14: =R14/$R$27 -> 0.0067058033 | U14: =T14/$T$27 -> #DIV/0! | V14: =SUM(P14,R14,T14) -> 1722954 | W14: =V14/V$27 -> 0.0088721711 | Y14: =X14/X$27 -> #DIV/0! | AA14: =Z14/Z$27 -> #DIV/0! | AC14: =AB14/AB$27 -> #DIV/0! | AD14: =SUM(X14,Z14,AB14) -> 0 | AE14: =AD14/AD$27 -> #DIV/0! | AG14: =AF14/AF$27 -> #DIV/0! | AI14: =AH14/AH$27 -> #DIV/0! | AK14: =AJ14/AJ$27 -> #DIV/0! | AL14: =SUM(AF14,AH14,AJ14) -> 0 | AM14: =AL14/AL$27 -> #DIV/0! | AN14: =SUM(N14+V14+AD14+AL14) -> 4349318
C15: 매출 | D15: 서비스매출 | E15: 서비스매출 | G15: 렌탈 멸균 프로텍트커버 | H15: 0 | I15: =H15/H$27 -> 0 | J15: 0 | K15: =J15/J$27 -> 0 | L15: 0 | M15: =L15/L$27 -> 0 | N15: =SUM(H15,J15,L15) -> 0 | O15: =N15/$N$27 -> 0 | P15: 0 | Q15: =P15/$P$27 -> 0 | R15: 0 | S15: =R15/$R$27 -> 0 | U15: =T15/$T$27 -> #DIV/0! | V15: =SUM(P15,R15,T15) -> 0 | W15: =V15/V$27 -> 0 | Y15: =X15/X$27 -> #DIV/0! | AA15: =Z15/Z$27 -> #DIV/0! | AC15: =AB15/AB$27 -> #DIV/0! | AD15: =SUM(X15,Z15,AB15) -> 0 | AE15: =AD15/AD$27 -> #DIV/0! | AG15: =AF15/AF$27 -> #DIV/0! | AI15: =AH15/AH$27 -> #DIV/0! | AK15: =AJ15/AJ$27 -> #DIV/0! | AL15: =SUM(AF15,AH15,AJ15) -> 0 | AM15: =AL15/AL$27 -> #DIV/0! | AN15: =SUM(N15+V15+AD15+AL15) -> 0
C16: 매출 | D16: 서비스매출 | E16: 서비스매출 | G16: 인천세종병원 매출 합계 | H16: =SUM(H12:H15) -> 36703523 | I16: =H16/H$27 -> 0.43267684 | J16: =SUM(J12:J15) -> 31022361 | K16: =J16/J$27 -> 0.42057019 | L16: =SUM(L12:L15) -> 36039578 | M16: =L16/L$27 -> 0.35451098 | N16: =SUM(H16,J16,L16) -> 103765462 | O16: =N16/$N$27 -> 0.39871217 | P16: =SUM(P12:P15) -> 36646274 | Q16: =P16/$P$27 -> 0.35899812 | R16: =SUM(R12:R15) -> 33406563 | S16: =R16/$R$27 -> 0.36264861 | T16: =SUM(T12:T15) -> 0 | U16: =T16/$T$27 -> #DIV/0! | V16: =SUM(P16,R16,T16) -> 70052837 | W16: =V16/V$27 -> 0.36072974 | X16: =SUM(X12:X15) -> 0 | Y16: =X16/X27 -> #DIV/0! | Z16: =SUM(Z12:Z15) -> 0 | AA16: =Z16/Z27 -> #DIV/0! | AB16: =SUM(AB12:AB15) -> 0 | AC16: =AB16/AB27 -> #DIV/0! | AD16: =SUM(X16,Z16,AB16) -> 0 | AE16: =AD16/AD$27 -> #DIV/0! | AF16: =SUM(AF12:AF15) -> 0 | AG16: =AF16/AF27 -> #DIV/0! | AH16: =SUM(AH12:AH15) -> 0 | AI16: =AH16/AH27 -> #DIV/0! | AJ16: =SUM(AJ12:AJ15) -> 0 | AK16: =AJ16/AJ27 -> #DIV/0! | AL16: =SUM(AF16,AH16,AJ16) -> 0 | AM16: =AL16/AL$27 -> #DIV/0! | AN16: =SUM(AN12:AN15) -> 173818299
C17: 매출 | D17: 서비스매출 | E17: 서비스매출 | F17: 메디탁 | G17: 일반세탁물(허균) | H17: 1500000 | I17: =H17/H$27 -> 0.017682642 | J17: 1500000 | K17: =J17/J$27 -> 0.020335502 | L17: 0 | M17: =L17/L$27 -> 0 | N17: =SUM(H17,J17,L17) -> 3000000 | O17: =N17/N$27 -> 0.011527309 | P17: 0 | Q17: =P17/P$27 -> 0 | R17: 0 | S17: =R17/R$27 -> 0 | T17: 0 | U17: =T17/T$27 -> #DIV/0! | V17: =SUM(P17,R17,T17) -> 0 | W17: =V17/V$27 -> 0 | X17: 0 | Y17: =X17/X$27 -> #DIV/0! | Z17: 0 | AA17: =Z17/Z$27 -> #DIV/0! | AB17: 0 | AC17: =AB17/AB$27 -> #DIV/0! | AD17: =SUM(X17,Z17,AB17) -> 0 | AE17: =AD17/AD$27 -> #DIV/0! | AF17: 0 | AG17: =AF17/AF$27 -> #DIV/0! | AH17: 0 | AI17: =AH17/AH$27 -> #DIV/0! | AJ17: 0 | AK17: =AJ17/AJ$27 -> #DIV/0! | AL17: =SUM(AF17,AH17,AJ17) -> 0 | AM17: =AL17/AL$27 -> #DIV/0! | AN17: =SUM(N17+V17+AD17+AL17) -> 3000000
C18: 매출 | D18: 서비스매출 | E18: 서비스매출 | G18: 일반세탁물(나움) | H18: 880000 | I18: =H18/H$27 -> 0.010373817 | J18: 880000 | K18: =J18/J$27 -> 0.011930161 | L18: 0 | M18: =L18/L$27 -> 0 | N18: =SUM(H18,J18,L18) -> 1760000 | O18: =N18/N$27 -> 0.0067626878 | P18: 0 | Q18: =P18/P$27 -> 0 | R18: 0 | S18: =R18/R$27 -> 0 | T18: 0 | U18: =T18/T$27 -> #DIV/0! | V18: =SUM(P18,R18,T18) -> 0 | W18: =V18/V$27 -> 0 | X18: 0 | Y18: =X18/X$27 -> #DIV/0! | Z18: 0 | AA18: =Z18/Z$27 -> #DIV/0! | AB18: 0 | AC18: =AB18/AB$27 -> #DIV/0! | AD18: =SUM(X18,Z18,AB18) -> 0 | AE18: =AD18/AD$27 -> #DIV/0! | AF18: 0 | AG18: =AF18/AF$27 -> #DIV/0! | AH18: 0 | AI18: =AH18/AH$27 -> #DIV/0! | AJ18: 0 | AK18: =AJ18/AJ$27 -> #DIV/0! | AL18: =SUM(AF18,AH18,AJ18) -> 0 | AM18: =AL18/AL$27 -> #DIV/0! | AN18: =SUM(N18+V18+AD18+AL18) -> 1760000
C19: 매출 | D19: 서비스매출 | E19: 서비스매출 | G19: 일반세탁물(강서바른) | H19: 1745455 | I19: =H19/H$27 -> 0.02057617 | J19: 1745454.4 | K19: =J19/J$27 -> 0.023663128 | L19: 0 | M19: =L19/L$27 -> 0 | N19: =SUM(H19,J19,L19) -> 3490909.4 | O19: =N19/N$27 -> 0.013413597 | P19: 0 | Q19: =P19/P$27 -> 0 | R19: 0 | S19: =R19/R$27 -> 0 | T19: 0 | U19: =T19/T$27 -> #DIV/0! | V19: =SUM(P19,R19,T19) -> 0 | W19: =V19/V$27 -> 0 | X19: 0 | Y19: =X19/X$27 -> #DIV/0! | Z19: 0 | AA19: =Z19/Z$27 -> #DIV/0! | AB19: 0 | AC19: =AB19/AB$27 -> #DIV/0! | AD19: =SUM(X19,Z19,AB19) -> 0 | AE19: =AD19/AD$27 -> #DIV/0! | AF19: 0 | AG19: =AF19/AF$27 -> #DIV/0! | AH19: 0 | AI19: =AH19/AH$27 -> #DIV/0! | AJ19: 0 | AK19: =AJ19/AJ$27 -> #DIV/0! | AL19: =SUM(AF19,AH19,AJ19) -> 0 | AM19: =AL19/AL$27 -> #DIV/0! | AN19: =SUM(N19+V19+AD19+AL19) -> 3490909.4
C20: 매출 | D20: 서비스매출 | E20: 서비스매출 | G20: 메디탁 매출 합계 | H20: =SUM(H17:H19) -> 4125455 | I20: =H20/H$27 -> 0.048632629 | J20: =SUM(J17:J19) -> 4125454.4 | K20: =J20/J$27 -> 0.055928791 | L20: =SUM(L17:L19) -> 0 | M20: =L20/L$27 -> 0 | N20: =SUM(H20,J20,L20) -> 8250909.4 | O20: =N20/N$27 -> 0.031703593 | P20: =SUM(P17:P19) -> 0 | Q20: =P$20/P$27 -> 0 | R20: =SUM(R17:R19) -> 0 | S20: =R$20/R$27 -> 0 | T20: =SUM(T17:T19) -> 0 | U20: =T$20/T$27 -> #DIV/0! | V20: =SUM(P20,R20,T20) -> 0 | X20: =SUM(X17:X19) -> 0 | Y20: =X$20/X$27 -> #DIV/0! | Z20: =SUM(Z17:Z19) -> 0 | AA20: =Z$20/Z$27 -> #DIV/0! | AB20: =SUM(AB17:AB19) -> 0 | AC20: =AB$20/AB$27 -> #DIV/0! | AD20: =SUM(X20,Z20,AB20) -> 0 | AF20: =SUM(AF17:AF19) -> 0 | AG20: =AF$20/AF$27 -> #DIV/0! | AH20: =SUM(AH17:AH19) -> 0 | AI20: =AH$20/AH$27 -> #DIV/0! | AJ20: =SUM(AJ17:AJ19) -> 0 | AK20: =AJ$20/AJ$27 -> #DIV/0! | AL20: =SUM(AF20,AH20,AJ20) -> 0 | AN20: =SUM(AN17:AN19) -> 8250909.4
C21: 매출 | D21: 서비스매출 | E21: 서비스매출 | F21: 파주병원 | G21: 일반세탁물 | H21: 11884151 | I21: =H21/H$27 -> 0.14009546 | J21: 10213913 | K21: =J21/J$27 -> 0.13847003 | L21: 11649696 | M21: =L21/L$27 -> 0.11459471 | N21: =SUM(H21,J21,L21) -> 33747760 | O21: =N21/N$27 -> 0.12967362 | P21: 11331338 | Q21: =P21/P$27 -> 0.11100526 | R21: 9893187 | S21: =R21/R$27 -> 0.10739658 | U21: =T21/T$27 -> #DIV/0! | V21: =SUM(P21,R21,T21) -> 21224525 | W21: =V21/V$27 -> 0.10929347 | Y21: =X21/X$27 -> #DIV/0! | AA21: =Z21/Z$27 -> #DIV/0! | AC21: =AB21/AB$27 -> #DIV/0! | AD21: =SUM(X21,Z21,AB21) -> 0 | AE21: =AD21/AD$27 -> #DIV/0! | AG21: =AF21/AF$27 -> #DIV/0! | AI21: =AH21/AH$27 -> #DIV/0! | AK21: =AJ21/AJ$27 -> #DIV/0! | AL21: =SUM(AF21,AH21,AJ21) -> 0 | AM21: =AL21/AL$27 -> #DIV/0! | AN21: =SUM(N21+V21+AD21+AL21) -> 54972285
C22: 매출 | D22: 서비스매출 | E22: 서비스매출 | G22: 파주병원 매출 합계 | H22: =SUM(H21) -> 11884151 | I22: =H22/H$27 -> 0.14009546 | J22: =SUM(J21) -> 10213913 | K22: =J22/J$27 -> 0.13847003 | L22: =SUM(L21) -> 11649696 | M22: =L22/L$27 -> 0.11459471 | N22: =SUM(H22,J22,L22) -> 33747760 | O22: =N22/N$27 -> 0.12967362 | P22: =SUM(P21) -> 11331338 | Q22: =P$20/P$27 -> 0 | R22: =SUM(R21) -> 9893187 | S22: =R$20/R$27 -> 0 | T22: =SUM(T21) -> 0 | U22: =T$20/T$27 -> #DIV/0! | V22: =SUM(P22,R22,T22) -> 21224525 | X22: =SUM(X21) -> 0 | Y22: =X$20/X$27 -> #DIV/0! | Z22: =SUM(Z21) -> 0 | AA22: =Z$20/Z$27 -> #DIV/0! | AB22: =SUM(AB21) -> 0 | AC22: =AB$20/AB$27 -> #DIV/0! | AD22: =SUM(X22,Z22,AB22) -> 0 | AF22: =SUM(AF21) -> 0 | AG22: =AF$20/AF$27 -> #DIV/0! | AH22: =SUM(AH21) -> 0 | AI22: =AH$20/AH$27 -> #DIV/0! | AJ22: =SUM(AJ21) -> 0 | AK22: =AJ$20/AJ$27 -> #DIV/0! | AL22: =SUM(AF22,AH22,AJ22) -> 0 | AN22: =SUM(AN21) -> 54972285
C23: 매출 | D23: 서비스매출 | E23: 서비스매출 | F23: 일산중심재활병원 | G23: 일반세탁물 | H23: 0 | I23: =H23/H$27 -> 0 | J23: 490909 | K23: =J23/J$27 -> 0.006655254 | L23: =4818182+490909 -> 5309091 | M23: =L23/L$27 -> 0.052224004 | N23: =SUM(H23,J23,L23) -> 5800000 | O23: =N23/N$27 -> 0.02228613 | P23: 4818182 | Q23: =P23/P$27 -> 0.047200386 | R23: 4818182 | S23: =R23/R$27 -> 0.052304304 | U23: =T23/T$27 -> #DIV/0! | V23: =SUM(P23,R23,T23) -> 9636364 | W23: =V23/V$27 -> 0.049621447 | Y23: =X23/X$27 -> #DIV/0! | AA23: =Z23/Z$27 -> #DIV/0! | AC23: =AB23/AB$27 -> #DIV/0! | AD23: =SUM(X23,Z23,AB23) -> 0 | AE23: =AD23/AD$27 -> #DIV/0! | AG23: =AF23/AF$27 -> #DIV/0! | AI23: =AH23/AH$27 -> #DIV/0! | AK23: =AJ23/AJ$27 -> #DIV/0! | AL23: =SUM(AF23,AH23,AJ23) -> 0 | AM23: =AL23/AL$27 -> #DIV/0! | AN23: =SUM(N23+V23+AD23+AL23) -> 15436364
C24: 매출 | D24: 서비스매출 | E24: 서비스매출 | G24: 일산중심재활병원 매출 합계 | H24: =SUM(H23) -> 0 | I24: =H24/H$27 -> 0 | J24: =SUM(J23) -> 490909 | K24: =J24/J$27 -> 0.006655254 | L24: =SUM(L23) -> 5309091 | M24: =L24/L$27 -> 0.052224004 | N24: =SUM(H24,J24,L24) -> 5800000 | O24: =N24/N$27 -> 0.02228613 | P24: =SUM(P23) -> 4818182 | Q24: =P$20/P$27 -> 0 | R24: =SUM(R23) -> 4818182 | S24: =R$20/R$27 -> 0 | T24: =SUM(T23) -> 0 | U24: =T$20/T$27 -> #DIV/0! | V24: =SUM(P24,R24,T24) -> 9636364 | X24: =SUM(X23) -> 0 | Y24: =X$20/X$27 -> #DIV/0! | Z24: =SUM(Z23) -> 0 | AA24: =Z$20/Z$27 -> #DIV/0! | AB24: =SUM(AB23) -> 0 | AC24: =AB$20/AB$27 -> #DIV/0! | AD24: =SUM(X24,Z24,AB24) -> 0 | AF24: =SUM(AF23) -> 0 | AG24: =AF$20/AF$27 -> #DIV/0! | AH24: =SUM(AH23) -> 0 | AI24: =AH$20/AH$27 -> #DIV/0! | AJ24: =SUM(AJ23) -> 0 | AK24: =AJ$20/AJ$27 -> #DIV/0! | AL24: =SUM(AF24,AH24,AJ24) -> 0 | AN24: =SUM(AN23) -> 15436364
C25: 매출 | D25: 서비스매출 | E25: 서비스매출 | F25: 뉴고려병원 | G25: 일반세탁물 | H25: 0 | I25: =H25/H$27 -> 0 | J25: 0 | K25: =J25/J$27 -> 0 | L25: 17793409 | M25: =L25/L$27 -> 0.17502865 | N25: =SUM(H25,J25,L25) -> 17793409 | O25: =N25/N$27 -> 0.068370039 | P25: 17757570 | Q25: =P25/P$27 -> 0.17395859 | R25: 16798353 | S25: =R25/R$27 -> 0.18235637 | U25: =T25/T$27 -> #DIV/0! | V25: =SUM(P25,R25,T25) -> 34555923 | W25: =V25/V$27 -> 0.17794211 | Y25: =X25/X$27 -> #DIV/0! | AA25: =Z25/Z$27 -> #DIV/0! | AC25: =AB25/AB$27 -> #DIV/0! | AD25: =SUM(X25,Z25,AB25) -> 0 | AE25: =AD25/AD$27 -> #DIV/0! | AG25: =AF25/AF$27 -> #DIV/0! | AI25: =AH25/AH$27 -> #DIV/0! | AK25: =AJ25/AJ$27 -> #DIV/0! | AL25: =SUM(AF25,AH25,AJ25) -> 0 | AM25: =AL25/AL$27 -> #DIV/0! | AN25: =SUM(N25+V25+AD25+AL25) -> 52349332
C26: 매출 | D26: 서비스매출 | E26: 서비스매출 | G26: 뉴고려병원 매출 합계 | H26: =SUM(H25) -> 0 | I26: =H26/H$27 -> 0 | J26: =SUM(J25) -> 0 | K26: =J26/J$27 -> 0 | L26: =SUM(L25) -> 17793409 | M26: =L26/L$27 -> 0.17502865 | N26: =SUM(H26,J26,L26) -> 17793409 | O26: =N26/N$27 -> 0.068370039 | P26: =SUM(P25) -> 17757570 | Q26: =P$20/P$27 -> 0 | R26: =SUM(R25) -> 16798353 | S26: =R$20/R$27 -> 0 | T26: =SUM(T25) -> 0 | U26: =T$20/T$27 -> #DIV/0! | V26: =SUM(P26,R26,T26) -> 34555923 | X26: =SUM(X25) -> 0 | Y26: =X$20/X$27 -> #DIV/0! | Z26: =SUM(Z25) -> 0 | AA26: =Z$20/Z$27 -> #DIV/0! | AB26: =SUM(AB25) -> 0 | AC26: =AB$20/AB$27 -> #DIV/0! | AD26: =SUM(X26,Z26,AB26) -> 0 | AF26: =SUM(AF25) -> 0 | AG26: =AF$20/AF$27 -> #DIV/0! | AH26: =SUM(AH25) -> 0 | AI26: =AH$20/AH$27 -> #DIV/0! | AJ26: =SUM(AJ25) -> 0 | AK26: =AJ$20/AJ$27 -> #DIV/0! | AL26: =SUM(AF26,AH26,AJ26) -> 0 | AN26: =SUM(AN25) -> 52349332
B27: 스테리케어 매출 합계액 (부가세 별도가 기준) | H27: =H16+H11+H20+H22+H24+H26 -> 84828953 | I27: =I16+I11+I20+I22+I24+I26 -> 1 | J27: =J16+J11+J20+J22+J24+J26 -> 73762624 | K27: =K16+K11+K20+K22+K24+K26 -> 1 | L27: =L16+L11+L20+L22+L24+L26 -> 101659977 | M27: =M16+M11+M20+M22+M24+M26 -> 1 | N27: =SUM(H27,J27,L27) -> 2.6025155e+08 | O27: =O16+O11+O20+O22+O24+O26 -> 1 | P27: =P16+P11+P20+P22+P24+P26 -> 102079292 | Q27: =Q16+Q11+Q20+Q22+Q24+Q26 -> 0.66783576 | R27: =R16+R11+R20+R22+R24+R26 -> 92118270 | S27: =S16+S11+S20+S22+S24+S26 -> 0.65794275 | T27: =T16+T11+T20+T22+T24+T26 -> 0 | U27: =U16+U11+U20+U22+U24+U26 -> #DIV/0! | V27: =SUM(P27,R27,T27) -> 194197562 | W27: =W16+W11+W20+W22+W24+W26 -> 0.66314298 | X27: =X16+X11+X20+X22+X24+X26 -> 0 | Y27: =Y16+Y11+Y20+Y22+Y24+Y26 -> #DIV/0! | Z27: =Z16+Z11+Z20+Z22+Z24+Z26 -> 0 | AA27: =AA16+AA11+AA20+AA22+AA24+AA26 -> #DIV/0! | AB27: =AB16+AB11+AB20+AB22+AB24+AB26 -> 0 | AC27: =AC16+AC11+AC20+AC22+AC24+AC26 -> #DIV/0! | AD27: =SUM(X27,Z27,AB27) -> 0 | AE27: =AE16+AE11+AE20+AE22+AE24+AE26 -> #DIV/0! | AF27: =AF16+AF11+AF20+AF22+AF24+AF26 -> 0 | AG27: =AG16+AG11+AG20+AG22+AG24+AG26 -> #DIV/0! | AH27: =AH16+AH11+AH20+AH22+AH24+AH26 -> 0 | AI27: =AI16+AI11+AI20+AI22+AI24+AI26 -> #DIV/0! | AJ27: =AJ16+AJ11+AJ20+AJ22+AJ24+AJ26 -> 0 | AK27: =AK16+AK11+AK20+AK22+AK24+AK26 -> #DIV/0! | AL27: =SUM(AF27,AH27,AJ27) -> 0 | AM27: =AM16+AM11+AM20+AM22+AM24+AM26 -> #DIV/0! | AN27: =AN16+AN11+AN20+AN22+AN24+AN26 -> 4.5444912e+08
C28: 노무비 | D28: 상시근로자 | E28: 직원급여 | F28: 전계룡 | G28: 스테리케어 총괄 이사 (9/23 입사) | H28: 4166660 | J28: 4166660 | L28: 4166660 | N28: =SUM(H28,J28,L28) -> 12499980 | P28: 3333330 | R28: 0 | V28: =SUM(P28,R28,T28) -> 3333330 | AD28: =SUM(X28,Z28,AB28) -> 0 | AL28: =SUM(AF28,AH28,AJ28) -> 0 | AN28: =SUM(AD28,V28,N28,AL28) -> 15833310
C29: 노무비 | D29: 상시근로자 | E29: 직원급여 | F29: 박우생 | G29: 생산총괄팀장 | H29: 5000000 | J29: 5000000 | L29: 5198090 | N29: =SUM(H29,J29,L29) -> 15198090 | P29: 5000000 | R29: 5185330 | V29: =SUM(P29,R29,T29) -> 10185330 | AD29: =SUM(X29,Z29,AB29) -> 0 | AL29: =SUM(AF29,AH29,AJ29) -> 0 | AN29: =SUM(AD29,V29,N29,AL29) -> 25383420
C30: 노무비 | D30: 상시근로자 | E30: 직원급여 | F30: 김진빈 | G30: 26.04.07 입사 (중간관리자) | H30: 0 | J30: 0 | L30: 0 | N30: =SUM(H30,J30,L30) -> 0 | P30: 2527500 | R30: 3525780 | V30: =SUM(P30,R30,T30) -> 6053280 | AD30: =SUM(X30,Z30,AB30) -> 0 | AL30: =SUM(AF30,AH30,AJ30) -> 0 | AN30: =SUM(AD30,V30,N30,AL30) -> 6053280
C31: 노무비 | D31: 상시근로자 | E31: 직원급여 | F31: 권혁 | G31: 24.06.17 입사 (중간관리자) | H31: 3416660 | J31: 3416660 | L31: 3536740 | N31: =SUM(H31,J31,L31) -> 10370060 | P31: 1138880 | R31: 0 | V31: =SUM(P31,R31,T31) -> 1138880 | AD31: =SUM(X31,Z31,AB31) -> 0 | AL31: =SUM(AF31,AH31,AJ31) -> 0 | AN31: =SUM(AD31,V31,N31,AL31) -> 11508940
C32: 노무비 | D32: 상시근로자 | E32: 직원급여 | F32: 김하나 | G32: 정리포장 주임 (5/06 입사) | H32: 3450000 | J32: 3450000 | L32: 3550620 | N32: =SUM(H32,J32,L32) -> 10450620 | P32: 3450000 | R32: 3527400 | V32: =SUM(P32,R32,T32) -> 6977400 | AD32: =SUM(X32,Z32,AB32) -> 0 | AL32: =SUM(AF32,AH32,AJ32) -> 0 | AN32: =SUM(AD32,V32,N32,AL32) -> 17428020
C33: 노무비 | D33: 상시근로자 | E33: 직원급여 | F33: 김계순 | G33: 23.06.15 입사 (멸균실 정리포장) | H33: 2489700 | J33: 2551620 | L33: 2559360 | N33: =SUM(H33,J33,L33) -> 7600680 | P33: 2342640 | R33: 2543880 | V33: =SUM(P33,R33,T33) -> 4886520 | AD33: =SUM(X33,Z33,AB33) -> 0 | AL33: =SUM(AF33,AH33,AJ33) -> 0 | AN33: =SUM(AD33,V33,N33,AL33) -> 12487200
C34: 노무비 | D34: 상시근로자 | E34: 직원급여 | F34: 박정란 | G34: 멸균실 정리포장 (중국) H2 | H34: 2427780 | J34: 2551620 | L34: 2435520 | N34: =SUM(H34,J34,L34) -> 7414920 | P34: 2404560 | R34: 2779640 | V34: =SUM(P34,R34,T34) -> 5184200 | AD34: =SUM(X34,Z34,AB34) -> 0 | AL34: =SUM(AF34,AH34,AJ34) -> 0 | AN34: =SUM(AD34,V34,N34,AL34) -> 12599120
C35: 노무비 | D35: 상시근로자 | E35: 직원급여 | F35: 고호성 | G35: 24.10.29 입사 (정리포장) | H35: 2427780 | J35: 2543880 | L35: 2342640 | N35: =SUM(H35,J35,L35) -> 7314300 | P35: 2280720 | R35: 2605800 | V35: =SUM(P35,R35,T35) -> 4886520 | AD35: =SUM(X35,Z35,AB35) -> 0 | AL35: =SUM(AF35,AH35,AJ35) -> 0 | AN35: =SUM(AD35,V35,N35,AL35) -> 12200820
C36: 노무비 | D36: 상시근로자 | E36: 직원급여 | F36: 강낙순 | G36: 25.05.02 입사 (정리포장) | H36: 2303940 | J36: 2543880 | L36: 2288460 | N36: =SUM(H36,J36,L36) -> 7136280 | P36: 2280720 | R36: 2404560 | V36: =SUM(P36,R36,T36) -> 4685280 | AD36: =SUM(X36,Z36,AB36) -> 0 | AL36: =SUM(AF36,AH36,AJ36) -> 0 | AN36: =SUM(AD36,V36,N36,AL36) -> 11821560
C37: 노무비 | D37: 상시근로자 | E37: 직원급여 | F37: 수실 | G37: 25.05.19 입사 | H37: 3500000 | J37: 2767080 | L37: 2648380 | N37: =SUM(H37,J37,L37) -> 8915460 | P37: 2500000 | R37: 2745120 | V37: =SUM(P37,R37,T37) -> 5245120 | AD37: =SUM(X37,Z37,AB37) -> 0 | AL37: =SUM(AF37,AH37,AJ37) -> 0 | AN37: =SUM(AD37,V37,N37,AL37) -> 14160580
C38: 노무비 | D38: 상시근로자 | E38: 직원급여 | F38: 다라_BHATTA TARA | G38: 25.10.20 입사 (포장) G1 > 25.11.14(체류자격활동허가 처리후 서류상 입사일) | H38: 2839700 | J38: 2543880 | L38: 2412300 | N38: =SUM(H38,J38,L38) -> 7795880 | P38: 2342640 | R38: 2605800 | V38: =SUM(P38,R38,T38) -> 4948440 | AD38: =SUM(X38,Z38,AB38) -> 0 | AL38: =SUM(AF38,AH38,AJ38) -> 0 | AN38: =SUM(AD38,V38,N38,AL38) -> 12744320
C39: 노무비 | D39: 상시근로자 | E39: 직원급여 | F39: 바크누아_SALYKBAYEV BAKNUR | G39: 25.10.27 입사 (건조) G1 > 25.12.11 (체류자격활동허가 처리후 서류상 입사일) | H39: 2700000 | J39: 2829000 | L39: 2700000 | N39: =SUM(H39,J39,L39) -> 8229000 | P39: 2700000 | R39: 2891330 | V39: =SUM(P39,R39,T39) -> 5591330 | AD39: =SUM(X39,Z39,AB39) -> 0 | AL39: =SUM(AF39,AH39,AJ39) -> 0 | AN39: =SUM(AD39,V39,N39,AL39) -> 13820330
... C48: 노무비 | D48: 상시근로자 | E48: 직원급여 | F48: 박풍화_PIAO FENGHUA | G48: 2026.05.18 입사 (정리포장) | H48: 0 | J48: 0 | L48: 0 | N48: =SUM(H48,J48,L48) -> 0 | P48: 0 | R48: 990720 | V48: =SUM(P48,R48,T48) -> 990720 | AD48: =SUM(X48,Z48,AB48) -> 0 | AL48: =SUM(AF48,AH48,AJ48) -> 0 | AN48: =SUM(AD48,V48,N48,AL48) -> 990720
C49: 노무비 | D49: 상시근로자 | E49: 직원급여 | F49: 특이사항 | G49: 잔여연차수당/중도퇴사자 연차수당 | H49: 6952007 | J49: 0 | L49: 0 | N49: =SUM(H49,J49,L49) -> 6952007 | P49: =2232854+1307814 -> 3540668 | R49: 0 | V49: =SUM(P49,R49,T49) -> 3540668 | AD49: =SUM(X49,Z49,AB49) -> 0 | AL49: =SUM(AF49,AH49,AJ49) -> 0 | AN49: =SUM(AD49,V49,N49,AL49) -> 10492675
C50: 노무비 | D50: 상시근로자 | E50: 직원급여 | F50: 압둘라_MUHAMMAD | G50: 25.01.10 입사 (25.08.08 퇴사) (분류) (불법체류자) | H50: 3000000 | J50: 3000000 | L50: 3000000 | N50: =SUM(H50,J50,L50) -> 9000000 | P50: 3000000 | R50: 2875350 | V50: =SUM(P50,R50,T50) -> 5875350 | AD50: =SUM(X50,Z50,AB50) -> 0 | AL50: =SUM(AF50,AH50,AJ50) -> 0 | AN50: =SUM(AD50,V50,N50,AL50) -> 14875350
C51: 노무비 | D51: 상시근로자 | E51: 직원급여 | F51: 아산카_NUWARAPAKSHA GED-ARA ASANK | G51: 2026.01.26 입사 (세탁건조) | H51: 0 | J51: 0 | L51: 2380640 | N51: =SUM(H51,J51,L51) -> 2380640 | P51: 885407 | R51: 0 | V51: =SUM(P51,R51,T51) -> 885407 | AD51: =SUM(X51,Z51,AB51) -> 0 | AL51: =SUM(AF51,AH51,AJ51) -> 0 | AN51: =SUM(AD51,V51,N51,AL51) -> 3266047
C52: 노무비 | D52: 상시근로자 | E52: 직원급여 | F52: 하킴_KHAN HAKIM | G52: 2026.06.01 입사 (분류) | H52: 0 | J52: 0 | L52: 0 | N52: =SUM(H52,J52,L52) -> 0 | P52: 0 | R52: 606300 | V52: =SUM(P52,R52,T52) -> 606300 | AD52: =SUM(X52,Z52,AB52) -> 0 | AL52: =SUM(AF52,AH52,AJ52) -> 0 | AN52: =SUM(AD52,V52,N52,AL52) -> 606300
C53: 노무비 | D53: 상시근로자 | E53: 직원급여 | F53: 단기근무자 | G53: 일용직 미신고 | H53: 0 | J53: 0 | L53: 0 | N53: =SUM(H53,J53,L53) -> 0 | P53: 0 | V53: =SUM(P53,R53,T53) -> 0 | AD53: =SUM(X53,Z53,AB53) -> 0 | AL53: =SUM(AF53,AH53,AJ53) -> 0 | AN53: =SUM(N53+V53+AD53+AL53) -> 0
C54: 노무비 | D54: 직원급여 합계 | H54: =SUM(H28:H53) -> 52767838 | J54: =SUM(J28:J53) -> 46517360 | L54: =SUM(L28:L53) -> 50222010 | N54: =SUM(H54,J54,L54) -> 1.4950721e+08 | P54: =SUM(P28:P53) -> 52249075 | R54: =SUM(R28:R53) -> 50410340 | T54: =SUM(T28:T53) -> 0 | V54: =SUM(P54,R54,T54) -> 102659415 | X54: =SUM(X28:X53) -> 0 | Z54: =SUM(Z28:Z53) -> 0 | AB54: =SUM(AB28:AB53) -> 0 | AD54: =SUM(X54,Z54,AB54) -> 0 | AF54: =SUM(AF28:AF53) -> 0 | AH54: =SUM(AH28:AH53) -> 0 | AJ54: =SUM(AJ28:AJ53) -> 0 | AL54: =SUM(AF54,AH54,AJ54) -> 0 | AN54: =SUM(N54+V54+AD54+AL54) -> 2.5216662e+08
C55: 노무비 | D55: 노무비 | E55: 외주용역비 | F55: 범호개발 | G55: 인천세종 린넨물 이송 업체 | H55: =495000/1.1 -> 450000 | J55: =495000/1.1 -> 450000 | L55: 450000 | N55: =SUM(H55,J55,L55) -> 1350000 | P55: 450000 | R55: 450000 | V55: =SUM(P55,R55,T55) -> 900000 | AD55: =SUM(X55,Z55,AB55) -> 0 | AL55: =SUM(AF55,AH55,AJ55) -> 0 | AN55: =SUM(N55+V55+AD55+AL55) -> 2250000 | AP55: 부가세 별도
C56: 노무비 | D56: 노무비 | E56: 외주용역비 | F56: 플러스건설인력사무소 | G56: 외국인 노동자 (정기파견/비정기)_일 11만원(VAT별도) | H56: 0 | J56: 0 | L56: 1045000 | N56: =SUM(H56,J56,L56) -> 1045000 | P56: 2640000 | R56: 220000 | AN56: =SUM(N56+V56+AD56+AL56) -> 1045000 | AP56: 부가세 별도
C57: 노무비 | D57: 노무비 | E57: 외주용역비 | F57: 굿모닝인력(제외와이건설) | G57: 외국인 노동자 (일당제)_일 11만원(VAT별도) | H57: 110000 | J57: 220000 | L57: 330000 | N57: =SUM(H57,J57,L57) -> 660000 | P57: 0 | R57: 0 | V57: =SUM(P57,R57,T57) -> 0 | AD57: =SUM(X57,Z57,AB57) -> 0 | AL57: =SUM(AF57,AH57,AJ57) -> 0 | AN57: =SUM(N57+V57+AD57+AL57) -> 660000 | AP57: 부가세 별도
C58: 노무비 | D58: 노무비 | E58: 지급수수료 | F58: 최백용 | G58: 부천세종 린넨물 이송 아르바이트 | H58: 465350 | J58: 465350 | L58: 465350 | N58: =SUM(H58,J58,L58) -> 1396050 | P58: 465350 | R58: 465350 | V58: =SUM(P58,R58,T58) -> 930700 | AD58: =SUM(X58,Z58,AB58) -> 0 | AL58: =SUM(AF58,AH58,AJ58) -> 0 | AN58: =SUM(N58+V58+AD58+AL58) -> 2326750 | AP58: 세금(3.3%)공제 전
C59: 노무비 | D59: 외주용역비 합계 | H59: =SUM(H55:H58) -> 1025350 | J59: =SUM(J55:J58) -> 1135350 | L59: =SUM(L55:L58) -> 2290350 | N59: =SUM(H59,J59,L59) -> 4451050 | P59: =SUM(P55:P58) -> 3555350 | R59: =SUM(R55:R58) -> 1135350 | T59: =SUM(T55:T58) -> 0 | V59: =SUM(P59,R59,T59) -> 4690700 | X59: =SUM(X55:X58) -> 0 | Z59: =SUM(Z55:Z58) -> 0 | AB59: =SUM(AB55:AB58) -> 0 | AD59: =SUM(X59,Z59,AB59) -> 0 | AF59: =SUM(AF55:AF58) -> 0 | AH59: =SUM(AH55:AH58) -> 0 | AJ59: =SUM(AJ55:AJ58) -> 0 | AL59: =SUM(AF59,AH59,AJ59) -> 0 | AN59: =SUM(N59+V59+AD59+AL59) -> 9141750
C60: 노무비 | D60: 노무비 | E60: 퇴직연금예치금 | F60: 출국만기보험 | G60: 박정란(H-2) 출국만기보험(퇴직금 개념) | H60: 173900 | J60: 173900 | L60: 173900 | N60: =SUM(H60,J60,L60) -> 521700 | P60: 173900 | R60: 173900 | V60: =SUM(P60,R60,T60) -> 347800 | AD60: =SUM(X60,Z60,AB60) -> 0 | AL60: =SUM(AF60,AH60,AJ60) -> 0 | AN60: =SUM(N60+V60+AD60+AL60) -> 869500 | AO60: 납부총액
C61: 노무비 | D61: 퇴직연금예치금 합계 | H61: =SUM(H60) -> 173900 | J61: =SUM(J60) -> 173900 | L61: =SUM(L60) -> 173900 | N61: =SUM(H61,J61,L61) -> 521700 | P61: =SUM(P60) -> 173900 | R61: =SUM(R60) -> 173900 | T61: =SUM(T60) -> 0 | V61: =SUM(P61,R61,T61) -> 347800 | X61: =SUM(X60) -> 0 | Z61: =SUM(Z60) -> 0 | AB61: =SUM(AB60) -> 0 | AD61: =SUM(X61,Z61,AB61) -> 0 | AF61: =SUM(AF60) -> 0 | AH61: =SUM(AH60) -> 0 | AJ61: =SUM(AJ60) -> 0 | AL61: =SUM(AF61,AH61,AJ61) -> 0 | AN61: =SUM(N61+V61+AD61+AL61) -> 869500
C62: 노무비 | D62: 노무비 | E62: 잡급 | F62: 일용직 신고 | G62: 일용직 신고 | H62: 0 | J62: =90300+90300+82560+755200+129000+123840 -> 1271200 | L62: 2595480 | N62: =SUM(H62,J62,L62) -> 3866680 | P62: 0 | R62: 0 | V62: =SUM(P62,R62,T62) -> 0 | AD62: =SUM(X62,Z62,AB62) -> 0 | AL62: =SUM(AF62,AH62,AJ62) -> 0 | AN62: =SUM(N62+V62+AD62+AL62) -> 3866680
C63: 노무비 | D63: 잡급 합계 | H63: =SUM(H62) -> 0 | J63: =SUM(J62) -> 1271200 | L63: =SUM(L62) -> 2595480 | N63: =SUM(H63,J63,L63) -> 3866680 | P63: =SUM(P62) -> 0 | R63: =SUM(R62) -> 0 | T63: =SUM(T62) -> 0 | V63: =SUM(P63,R63,T63) -> 0 | X63: =SUM(X62) -> 0 | Z63: =SUM(Z62) -> 0 | AB63: =SUM(AB62) -> 0 | AD63: =SUM(X63,Z63,AB63) -> 0 | AF63: =SUM(AF62) -> 0 | AH63: =SUM(AH62) -> 0 | AJ63: =SUM(AJ62) -> 0 | AL63: =SUM(AF63,AH63,AJ63) -> 0 | AN63: =SUM(N63+V63+AD63+AL63) -> 3866680
C64: 노무비 | D64: 노무비 | E64: 복리후생비 | F64: 건강보험 | G64: 건강(요양)보험 (회사부담금) | H64: 713285 | J64: 760055 | L64: 692895 | N64: =SUM(H64,J64,L64) -> 2166235 | P64: 1341020 | R64: 796645 | V64: =SUM(P64,R64,T64) -> 2137665 | AD64: =SUM(X64,Z64,AB64) -> 0 | AL64: =SUM(AF64,AH64,AJ64) -> 0 | AN64: =SUM(N64+V64+AD64+AL64) -> 4303900
C65: 노무비 | D65: 노무비 | E65: 세금과공과금 | F65: 국민연금 | G65: 국민연금 (회사부담금) | H65: 896120 | J65: 896120 | L65: 801510 | N65: =SUM(H65,J65,L65) -> 2593750 | P65: 991880 | R65: 971790 | V65: =SUM(P65,R65,T65) -> 1963670 | AD65: =SUM(X65,Z65,AB65) -> 0 | AL65: =SUM(AF65,AH65,AJ65) -> 0 | AN65: =SUM(N65+V65+AD65+AL65) -> 4557420
C66: 노무비 | D66: 노무비 | E66: 보험료 | F66: 고용보험 | G66: 고용보험 (회사부담금) | H66: 240630 | J66: 260060 | L66: 237045 | N66: =SUM(H66,J66,L66) -> 737735 | P66: 294965 | R66: 249860 | V66: =SUM(P66,R66,T66) -> 544825 | AD66: =SUM(X66,Z66,AB66) -> 0 | AL66: =SUM(AF66,AH66,AJ66) -> 0 | AN66: =SUM(N66+V66+AD66+AL66) -> 1282560
C67: 노무비 | D67: 노무비 | E67: 보험료 | F67: 산재보험 | G67: 산재보험 (스테리케어) | H67: 340090 | J67: 362070 | L67: 342520 | N67: =SUM(H67,J67,L67) -> 1044680 | P67: 395790 | R67: 375690 | V67: =SUM(P67,R67,T67) -> 771480 | AD67: =SUM(X67,Z67,AB67) -> 0 | AL67: =SUM(AF67,AH67,AJ67) -> 0 | AN67: =SUM(N67+V67+AD67+AL67) -> 1816160
D68: 4대보험 합계 | H68: =SUM(H64:H67) -> 2190125 | J68: =SUM(J64:J67) -> 2278305 | L68: =SUM(L64:L67) -> 2073970 | N68: =SUM(H68,J68,L68) -> 6542400 | P68: =SUM(P64:P67) -> 3023655 | R68: =SUM(R64:R67) -> 2393985 | T68: =SUM(T64:T67) -> 0 | V68: =SUM(P68,R68,T68) -> 5417640 | X68: =SUM(X64:X67) -> 0 | Z68: =SUM(Z64:Z67) -> 0 | AB68: =SUM(AB64:AB67) -> 0 | AD68: =SUM(X68,Z68,AB68) -> 0 | AF68: =SUM(AF64:AF67) -> 0 | AH68: =SUM(AH64:AH67) -> 0 | AJ68: =SUM(AJ64:AJ67) -> 0 | AL68: =SUM(AF68,AH68,AJ68) -> 0 | AN68: =SUM(N68+V68+AD68+AL68) -> 11960040
B69: 노무비 합계액 (직원급여+ 그외) | H69: =SUM(H54,H59,H61,H63,H68) -> 56157213 | I69: =H69/H$27 -> 0.66200526 | J69: =SUM(J54,J59,J61,J63,J68) -> 51376115 | K69: =J69/J$27 -> 0.69650606 | L69: =SUM(L54,L59,L61,L63,L68) -> 57355710 | M69: =L69/L$27 -> 0.56419165 | N69: =SUM(H69,J69,L69) -> 1.6488904e+08 | O69: =N69/$N$27 -> 0.63357561 | P69: =SUM(P54,P59,P61,P63,P68) -> 59001980 | Q69: =P69/P$27 -> 0.57800146 | R69: =SUM(R54,R59,R61,R63,R68) -> 54113575 | S69: =R69/R$27 -> 0.58743586 | T69: =SUM(T54,T59,T61,T63,T68) -> 0 | U69: =T69/T$27 -> #DIV/0! | V69: =SUM(P69,R69,T69) -> 113115555 | W69: =V69/$V$27 -> 0.5824767 | X69: =SUM(X54,X59,X61,X63,X68) -> 0 | Y69: =X69/X$27 -> #DIV/0! | Z69: =SUM(Z54,Z59,Z61,Z63,Z68) -> 0 | AA69: =Z69/Z$27 -> #DIV/0! | AB69: =SUM(AB54,AB59,AB61,AB63,AB68) -> 0 | AC69: =AB69/AB$27 -> #DIV/0! | AD69: =SUM(X69,Z69,AB69) -> 0 | AE69: =AD69/$V$27 -> 0 | AF69: =SUM(AF54,AF59,AF61,AF63,AF68) -> 0 | AG69: =AF69/AF$27 -> #DIV/0! | AH69: =SUM(AH54,AH59,AH61,AH63,AH68) -> 0 | AI69: =AH69/AH$27 -> #DIV/0! | AJ69: =SUM(AJ54,AJ59,AJ61,AJ63,AJ68) -> 0 | AK69: =AJ69/AJ$27 -> #DIV/0! | AL69: =SUM(AF69,AH69,AJ69) -> 0 | AM69: =AL69/$V$27 -> 0 | AN69: =SUM(N69+V69+AD69+AL69) -> 2.7800459e+08 | AO69: =AN69/AN$27 -> 0.61173976 | AP69: 매출대비 노무비 1 비율(%)
C70: 노무비 | D70: 인건비2 | E70: 퇴직급여 | F70: 김계순 | G70: 1년이상 재직자 퇴직금 추계액 (25/12/31기준) | H70: 202571.67 | J70: 206324.67 | L70: 211130 | N70: =SUM(H70,J70,L70) -> 620026.33 | P70: 207045 | R70: 207045 | V70: =SUM(P70,R70,T70) -> 414090 | AD70: =SUM(X70,Z70,AB70) -> 0 | AL70: =SUM(AF70,AH70,AJ70) -> 0 | AN70: =SUM(N70+V70+AD70+AL70) -> 1034116.3
C71: 노무비 | D71: 인건비3 | E71: 퇴직급여 | F71: 박우생 | G71: 1년이상 재직자 퇴직금 추계액 (25/12/31기준) | H71: 416666.67 | J71: 416666.67 | L71: 422169.17 | N71: =SUM(H71,J71,L71) -> 1255502.5 | P71: 422169.17 | R71: 422169 | V71: =SUM(P71,R71,T71) -> 844338.17 | AD71: =SUM(X71,Z71,AB71) -> 0 | AL71: =SUM(AF71,AH71,AJ71) -> 0 | AN71: =SUM(N71+V71+AD71+AL71) -> 2099840.7
C72: 노무비 | D72: 인건비4 | E72: 퇴직급여 | F72: 권혁 | G72: 1년이상 재직자 퇴직금 추계액 (25/12/31기준) | H72: 311016.17 | J72: 284721.67 | L72: 288057.17 | N72: =SUM(H72,J72,L72) -> 883795 | P72: 0 | R72: 0 | V72: =SUM(P72,R72,T72) -> 0 | AD72: =SUM(X72,Z72,AB72) -> 0 | AL72: =SUM(AF72,AH72,AJ72) -> 0 | AN72: =SUM(N72+V72+AD72+AL72) -> 883795
C73: 노무비 | D73: 인건비5 | E73: 퇴직급여 | F73: 전계룡 | G73: 1년이상 재직자 퇴직금 추계액 (25/12/31기준) | H73: 347221.67 | J73: 347221.67 | L73: 347221.67 | N73: =SUM(H73,J73,L73) -> 1041665 | P73: 0 | R73: 0 | V73: =SUM(P73,R73,T73) -> 0 | AD73: =SUM(X73,Z73,AB73) -> 0 | AL73: =SUM(AF73,AH73,AJ73) -> 0 | AN73: =SUM(N73+V73+AD73+AL73) -> 1041665
C74: 노무비 | D74: 인건비6 | E74: 퇴직급여 | F74: 고호성 | G74: 1년이상 재직자 퇴직금 추계액 (25/12/31기준) | H74: 185569.42 | J74: 197585.08 | L74: 203175 | N74: =SUM(H74,J74,L74) -> 586329.5 | P74: 199090 | R74: 199090 | V74: =SUM(P74,R74,T74) -> 398180 | AD74: =SUM(X74,Z74,AB74) -> 0 | AL74: =SUM(AF74,AH74,AJ74) -> 0 | AN74: =SUM(N74+V74+AD74+AL74) -> 984509.5
C75: 노무비 | D75: 인건비7 | E75: 퇴직급여 | F75: 강낙순 | G75: 1년이상 재직자 퇴직금 추계액 (25/12/31기준) | H75: 0 | J75: 0 | L75: 0 | N75: =SUM(H75,J75,L75) -> 0 | P75: 197585 | R75: 197585 | V75: =SUM(P75,R75,T75) -> 395170 | AD75: =SUM(X75,Z75,AB75) -> 0 | AL75: =SUM(AF75,AH75,AJ75) -> 0 | AN75: =SUM(N75+V75+AD75+AL75) -> 395170
C76: 노무비 | D76: 인건비8 | E76: 퇴직급여 | F76: 김하나 | G76: 1년이상 재직자 퇴직금 추계액 (25/12/31기준) | H76: 0 | J76: 0 | L76: 0 | N76: =SUM(H76,J76,L76) -> 0 | P76: 290295 | R76: 290295 | V76: =SUM(P76,R76,T76) -> 580590 | AD76: =SUM(X76,Z76,AB76) -> 0 | AL76: =SUM(AF76,AH76,AJ76) -> 0 | AN76: =SUM(N76+V76+AD76+AL76) -> 580590
N77: =SUM(H77,J77,L77) -> 0 | V77: =SUM(P77,R77,T77) -> 0 | AD77: =SUM(X77,Z77,AB77) -> 0 | AL77: =SUM(AF77,AH77,AJ77) -> 0 | AN77: =SUM(N77+V77+AD77+AL77) -> 0
B78: 노무비 합계액 (퇴직금) | H78: =SUM(H70:H77) -> 1463045.6 | I78: =H78/H$27 -> 0.017247007 | J78: =SUM(J70:J77) -> 1452519.8 | K78: =J78/J$27 -> 0.019691812 | L78: =SUM(L70:L77) -> 1471753 | M78: =L78/L$27 -> 0.014477212 | N78: =SUM(H78,J78,L78) -> 4387318.3 | O78: =N78/N$27 -> 0.016857991 | P78: =SUM(P70:P77) -> 1316184.2 | Q78: =P78/P$27 -> 0.012893743 | R78: =SUM(R70:R77) -> 1316184 | S78: =R78/R$27 -> 0.01428798 | T78: =SUM(T70:T77) -> 0 | U78: =T78/T$27 -> #DIV/0! | V78: =SUM(P78,R78,T78) -> 2632368.2 | W78: =V78/V$27 -> 0.013555104 | X78: =SUM(X70:X77) -> 0 | Y78: =X78/X$27 -> #DIV/0! | Z78: =SUM(Z70:Z77) -> 0 | AA78: =Z78/Z$27 -> #DIV/0! | AB78: =SUM(AB70:AB77) -> 0 | AC78: =AB78/AB$27 -> #DIV/0! | AD78: =SUM(X78,Z78,AB78) -> 0 | AE78: =AD78/AD$27 -> #DIV/0! | AF78: =SUM(AF70:AF77) -> 0 | AG78: =AF78/AF$27 -> #DIV/0! | AH78: =SUM(AH70:AH77) -> 0 | AI78: =AH78/AH$27 -> #DIV/0! | AJ78: =SUM(AJ70:AJ77) -> 0 | AK78: =AJ78/AJ$27 -> #DIV/0! | AL78: =SUM(AF78,AH78,AJ78) -> 0 | AM78: =AL78/AL$27 -> #DIV/0! | AN78: =SUM(N78+V78+AD78+AL78) -> 7019686.5 | AO78: =AN78/AN$27 -> 0.015446584
B79: 노무비 총 합계액 ((직원급여 + 그외) + 퇴직금) | H79: =H69+H78 -> 57620259 | I79: =H79/H$27 -> 0.67925227 | J79: =J69+J78 -> 52828635 | K79: =J79/J$27 -> 0.71619787 | L79: =L69+L78 -> 58827463 | M79: =L79/L$27 -> 0.57866886 | N79: =SUM(H79,J79,L79) -> 1.6927636e+08 | O79: =N79/N$27 -> 0.6504336 | P79: =P69+P78 -> 60318164 | Q79: =P79/P$27 -> 0.5908952 | R79: =R69+R78 -> 55429759 | S79: =R79/R$27 -> 0.60172384 | T79: =T69+T78 -> 0 | U79: =T79/T$27 -> #DIV/0! | V79: =SUM(P79,R79,T79) -> 1.1574792e+08 | W79: =V79/V$27 -> 0.5960318 | X79: =X69+X78 -> 0 | Y79: =X79/X$27 -> #DIV/0! | Z79: =Z69+Z78 -> 0 | AA79: =Z79/Z$27 -> #DIV/0! | AB79: =AB69+AB78 -> 0 | AC79: =AB79/AB$27 -> #DIV/0! | AD79: =SUM(X79,Z79,AB79) -> 0 | AE79: =AD79/AD$27 -> #DIV/0! | AF79: =AF69+AF78 -> 0 | AG79: =AF79/AF$27 -> #DIV/0! | AH79: =AH69+AH78 -> 0 | AI79: =AH79/AH$27 -> #DIV/0! | AJ79: =AJ69+AJ78 -> 0 | AK79: =AJ79/AJ$27 -> #DIV/0! | AL79: =SUM(AF79,AH79,AJ79) -> 0 | AM79: =AL79/AL$27 -> #DIV/0! | AN79: =SUM(N79+V79+AD79+AL79) -> 2.8502428e+08 | AO79: =AN79/AN$27 -> 0.62718634 | AP79: 매출대비 노무비 1+2 비율(%)
B80: 매출-노무비 | H80: =H27-H79 -> 27208694 | I80: =H80/H$27 -> 0.32074773 | J80: =J27-J79 -> 20933990 | K80: =J80/J$27 -> 0.28380213 | L80: =L27-L79 -> 42832514 | M80: =L80/L$27 -> 0.42133114 | N80: =N27-N79 -> 90975198 | O80: =N80/N$27 -> 0.3495664 | P80: =P27-P79 -> 41761128 | Q80: =P80/P$27 -> 0.4091048 | R80: =R27-R79 -> 36688511 | S80: =R80/R$27 -> 0.39827616 | T80: =T27-T79 -> 0 | U80: =T80/T27 -> #DIV/0! | V80: =V27-V79 -> 78449639 | W80: =V80/V$27 -> 0.4039682 | X80: =X27-X79 -> 0 | Y80: =X80/X$27 -> #DIV/0! | Z80: =Z27-Z79 -> 0 | AA80: =Z80/Z$27 -> #DIV/0! | AB80: =AB27-AB79 -> 0 | AC80: =AB80/AB$27 -> #DIV/0! | AD80: =AD27-AD79 -> 0 | AE80: =AD80/AD$27 -> #DIV/0! | AF80: =AF27-AF79 -> 0 | AG80: =AF80/AF$27 -> #DIV/0! | AH80: =AH27-AH79 -> 0 | AI80: =AH80/AH$27 -> #DIV/0! | AJ80: =AJ27-AJ79 -> 0 | AK80: =AJ80/AJ$27 -> #DIV/0! | AL80: =AL27-AL79 -> 0 | AM80: =AL80/AL$27 -> #DIV/0! | AN80: =AN27-AN79 -> 1.6942484e+08 | AO80: =AN80/AN$27 -> 0.37281366 | AP80: 매출-노무비 비율(%)
C81: 판관비 | D81: 복리후생비 | E81: 복리후생비 | F81: 스마일식당 | G81: 스테리케어 직원 중식대 | H81: 1785000 | J81: 1596000 | L81: 2156000 | N81: =SUM(H81,J81,L81) -> 5537000 | P81: 2352000 | R81: 2100000 | V81: =SUM(P81,R81,T81) -> 4452000 | AD81: =SUM(X81,Z81,AB81) -> 0 | AL81: =SUM(AF81,AH81,AJ81) -> 0 | AN81: =SUM(N81+V81+AD81+AL81) -> 9989000
C82: 판관비 | D82: 복리후생비 | E82: 복리후생비 | F82: 박우생_(주)우태건설 | G82: 직원 출퇴근 차량 보험료 지원(카니발) | H82: 82724 | J82: 74719 | L82: 82724 | N82: =SUM(H82,J82,L82) -> 240167 | P82: =61377+21592 -> 82969 | R82: 83669 | V82: =SUM(P82,R82,T82) -> 166638 | AD82: =SUM(X82,Z82,AB82) -> 0 | AL82: =SUM(AF82,AH82,AJ82) -> 0 | AN82: =SUM(N82+V82+AD82+AL82) -> 406805
C83: 판관비 | D83: 복리후생비 합계 | H83: =SUM(H81:H82) -> 1867724 | J83: =SUM(J81:J82) -> 1670719 | L83: =SUM(L81:L82) -> 2238724 | N83: =SUM(H83,J83,L83) -> 5777167 | P83: =SUM(P81:P82) -> 2434969 | R83: =SUM(R81:R82) -> 2183669 | T83: =SUM(T81:T82) -> 0 | V83: =SUM(P83,R83,T83) -> 4618638 | X83: =SUM(X81:X82) -> 0 | Z83: =SUM(Z81:Z82) -> 0 | AB83: =SUM(AB81:AB82) -> 0 | AD83: =SUM(X83,Z83,AB83) -> 0 | AF83: =SUM(AF81:AF82) -> 0 | AH83: =SUM(AH81:AH82) -> 0 | AJ83: =SUM(AJ81:AJ82) -> 0 | AL83: =SUM(AF83,AH83,AJ83) -> 0 | AN83: =SUM(N83+V83+AD83+AL83) -> 10395805
C84: 판관비 | D84: 통신비 | E84: 통신비 | F84: 주식회사 케이티 | G84: 인터넷/일반전화 외 (031-984-6606) | H84: 54500 | J84: 54500 | L84: 54500 | N84: =SUM(H84,J84,L84) -> 163500 | P84: 54500 | R84: 54500 | V84: =SUM(P84,R84,T84) -> 109000 | AD84: =SUM(X84,Z84,AB84) -> 0 | AL84: =SUM(AF84,AH84,AJ84) -> 0 | AN84: =SUM(N84+V84+AD84+AL84) -> 272500
C85: 판관비 | D85: 통신비 | E85: 통신비 | F85: 등기/택배비 | G85: 등기 및 착불택배 | H85: 0 | J85: 0 | L85: 0 | N85: =SUM(H85,J85,L85) -> 0 | P85: =12000*2 -> 24000 | V85: =SUM(P85,R85,T85) -> 24000 | AD85: =SUM(X85,Z85,AB85) -> 0 | AL85: =SUM(AF85,AH85,AJ85) -> 0 | AN85: =SUM(N85+V85+AD85+AL85) -> 24000 | AO85: 총액
C86: 판관비 | D86: 통신비 합계 | H86: =SUM(H84:H85) -> 54500 | J86: =SUM(J84:J85) -> 54500 | L86: =SUM(L84:L85) -> 54500 | N86: =SUM(H86,J86,L86) -> 163500 | P86: =SUM(P84:P85) -> 78500 | R86: =SUM(R84:R85) -> 54500 | T86: =SUM(T84:T85) -> 0 | V86: =SUM(P86,R86,T86) -> 133000 | X86: =SUM(X84:X85) -> 0 | Z86: =SUM(Z84:Z85) -> 0 | AB86: =SUM(AB84:AB85) -> 0 | AD86: =SUM(X86,Z86,AB86) -> 0 | AF86: =SUM(AF84:AF85) -> 0 | AH86: =SUM(AH84:AH85) -> 0 | AJ86: =SUM(AJ84:AJ85) -> 0 | AL86: =SUM(AF86,AH86,AJ86) -> 0 | AN86: =SUM(N86+V86+AD86+AL86) -> 296500
C87: 판관비 | D87: 수도광열비 | E87: 수도광열비 | F87: 김포시맑은물사업소 | G87: 상하수도요금 및 물이용부담금 | H87: 40190 | J87: 10790 | L87: 14990 | N87: =SUM(H87,J87,L87) -> 65970 | P87: 13940 | R87: 17090 | V87: =SUM(P87,R87,T87) -> 31030 | AD87: =SUM(X87,Z87,AB87) -> 0 | AL87: =SUM(AF87,AH87,AJ87) -> 0 | AN87: =SUM(N87+V87+AD87+AL87) -> 97000 | AO87: 납부총액
C88: 판관비 | D88: 수도광열비 | E88: 수도광열비 | F88: 김포시맑은물사업소 | G88: 지하수이용부담금 | H88: 80750 | J88: 98430 | L88: 72590 | N88: =SUM(H88,J88,L88) -> 251770 | P88: 78790 | R88: 99450 | V88: =SUM(P88,R88,T88) -> 178240 | AD88: =SUM(X88,Z88,AB88) -> 0 | AL88: =SUM(AF88,AH88,AJ88) -> 0 | AN88: =SUM(N88+V88+AD88+AL88) -> 430010 | AO88: 납부총액
C89: 판관비 | D89: 수도광열비 | E89: 수도광열비 | F89: ㈜해동에너지 | G89: LPG가스충전 | H89: 11153802 | I89: =H89/H27 -> 0.13148579 | J89: 8544645 | K89: =J89/J27 -> 0.11583976 | L89: 13214386 | M89: =L89/L27 -> 0.12998612 | N89: =SUM(H89,J89,L89) -> 32912833 | O89: =N89/N27 -> 0.12646546 | P89: 12405624 | Q89: =P89/P27 -> 0.12152929 | R89: 16454903 | S89: =R89/R27 -> 0.17862801 | U89: =T89/T27 -> #DIV/0! | V89: =SUM(P89,R89,T89) -> 28860527 | W89: =V89/$V$27 -> 0.14861426 | Y89: =X89/X27 -> #DIV/0! | AA89: =Z89/Z27 -> #DIV/0! | AC89: =AB89/AB27 -> #DIV/0! | AD89: =SUM(X89,Z89,AB89) -> 0 | AE89: =AD89/$V$27 -> 0 | AG89: =AF89/AF27 -> #DIV/0! | AI89: =AH89/AH27 -> #DIV/0! | AK89: =AJ89/AJ27 -> #DIV/0! | AL89: =SUM(AF89,AH89,AJ89) -> 0 | AM89: =AL89/$V$27 -> 0 | AN89: =SUM(N89+V89+AD89+AL89) -> 61773360
C90: 판관비 | D90: 수도광열비 합계 | H90: =SUM(H87:H89) -> 11274742 | J90: =SUM(J87:J89) -> 8653865 | L90: =SUM(L87:L89) -> 13301966 | N90: =SUM(H90,J90,L90) -> 33230573 | P90: =SUM(P87:P89) -> 12498354 | R90: =SUM(R87:R89) -> 16571443 | T90: =SUM(T87:T89) -> 0 | V90: =SUM(P90,R90,T90) -> 29069797 | X90: =SUM(X87:X89) -> 0 | Z90: =SUM(Z87:Z89) -> 0 | AB90: =SUM(AB87:AB89) -> 0 | AD90: =SUM(X90,Z90,AB90) -> 0 | AF90: =SUM(AF87:AF89) -> 0 | AH90: =SUM(AH87:AH89) -> 0 | AJ90: =SUM(AJ87:AJ89) -> 0 | AL90: =SUM(AF90,AH90,AJ90) -> 0 | AN90: =SUM(N90+V90+AD90+AL90) -> 62300370
C91: 판관비 | D91: 전력비 | E91: 전력비 | F91: 한국전력공사 | G91: 스테리케어 전기요금 | H91: =4782920-424395 -> 4358525 | I91: =H91/H27 -> 0.051380158 | J91: =5125330-454778 -> 4670552 | K91: =J91/J27 -> 0.06331868 | L91: 3840989 | M91: =L91/L27 -> 0.037782706 | N91: =SUM(H91,J91,L91) -> 12870066 | O91: =N91/N27 -> 0.049452408 | P91: 3588558 | Q91: =P91/P27 -> 0.035154613 | R91: 3430753 | S91: =R91/R27 -> 0.037242916 | U91: =T91/T27 -> #DIV/0! | V91: =SUM(P91,R91,T91) -> 7019311 | W91: =V91/$V$27 -> 0.036145207 | Y91: =X91/X27 -> #DIV/0! | AA91: =Z91/Z27 -> #DIV/0! | AC91: =AB91/AB27 -> #DIV/0! | AD91: =SUM(X91,Z91,AB91) -> 0 | AE91: =AD91/$V$27 -> 0 | AG91: =AF91/AF27 -> #DIV/0! | AI91: =AH91/AH27 -> #DIV/0! | AK91: =AJ91/AJ27 -> #DIV/0! | AL91: =SUM(AF91,AH91,AJ91) -> 0 | AM91: =AL91/$V$27 -> 0 | AN91: =SUM(N91+V91+AD91+AL91) -> 19889377 | AO91: 부가세별도 | AP91: 총 납부요금에서 부가세대급금만 뺀 금액 (전력기금은 포함)
C92: 판관비 | D92: 전력비 합계 | H92: =SUM(H91) -> 4358525 | J92: =SUM(J91) -> 4670552 | L92: =SUM(L91) -> 3840989 | N92: =SUM(H92,J92,L92) -> 12870066 | P92: =SUM(P91) -> 3588558 | R92: =SUM(R91) -> 3430753 | T92: =SUM(T91) -> 0 | V92: =SUM(P92,R92,T92) -> 7019311 | X92: =SUM(X91) -> 0 | Z92: =SUM(Z91) -> 0 | AB92: =SUM(AB91) -> 0 | AD92: =SUM(X92,Z92,AB92) -> 0 | AF92: =SUM(AF91) -> 0 | AH92: =SUM(AH91) -> 0 | AJ92: =SUM(AJ91) -> 0 | AL92: =SUM(AF92,AH92,AJ92) -> 0 | AN92: =SUM(N92+V92+AD92+AL92) -> 19889377
C93: 판관비 | D93: 세금과공과 | E93: 세금과공과 | F93: 김포시 | G93: 지역자원시설세(분기별) / 등록면허세 | H93: 54560 | J93: 0 | L93: 0 | N93: =SUM(H93,J93,L93) -> 54560 | P93: 59240 | R93: 0 | V93: =SUM(P93,R93,T93) -> 59240 | AD93: =SUM(X93,Z93,AB93) -> 0 | AL93: =SUM(AF93,AH93,AJ93) -> 0 | AN93: =SUM(N93+V93+AD93+AL93) -> 113800 | AO93: 납부총액
C94: 판관비 | E94: 세금과공과 | F94: 김포시 | G94: 주민세(사업소분)_귀전로154번길 93 | H94: 0 | N94: =SUM(H94,J94,L94) -> 0 | V94: =SUM(P94,R94,T94) -> 0 | AD94: =SUM(X94,Z94,AB94) -> 0 | AL94: =SUM(AF94,AH94,AJ94) -> 0 | AN94: =SUM(N94+V94+AD94+AL94) -> 0 | AO94: 납부총액
C95: 판관비 | E95: 세금과공과 | F95: 김포시 | G95: 재산세(건축물)_지하수관정시설분)_연 1회 납부 | H95: 0 | N95: =SUM(H95,J95,L95) -> 0 | V95: =SUM(P95,R95,T95) -> 0 | AD95: =SUM(X95,Z95,AB95) -> 0 | AL95: =SUM(AF95,AH95,AJ95) -> 0 | AN95: =SUM(N95+V95+AD95+AL95) -> 0 | AO95: 납부총액
C96: 판관비 | D96: 세금과공과 | E96: 세금과공과 | F96: 부천시 | G96: 자동차세 (마이티) | H96: 45800 | J96: 0 | L96: 0 | N96: =SUM(H96,J96,L96) -> 45800 | P96: 0 | R96: 0 | V96: =SUM(P96,R96,T96) -> 0 | AD96: =SUM(X96,Z96,AB96) -> 0 | AL96: =SUM(AF96,AH96,AJ96) -> 0 | AN96: =SUM(N96+V96+AD96+AL96) -> 45800 | AO96: 납부총액
C97: 판관비 | D97: 세금과공과 | E97: 세금과공과 | F97: 김포시 | G97: 세탁물 처리업 등록면허세 | H97: 9000 | J97: 0 | L97: 0 | N97: =SUM(H97,J97,L97) -> 9000 | P97: 0 | R97: 0 | V97: =SUM(P97,R97,T97) -> 0 | AD97: =SUM(X97,Z97,AB97) -> 0 | AL97: =SUM(AF97,AH97,AJ97) -> 0 | AN97: =SUM(N97+V97+AD97+AL97) -> 9000 | AO97: 납부총액
C98: 판관비 | D98: 세금과공과 | E98: 세금과공과 | F98: 김포시 | G98: 배출시설(폐수) 등록면허세 | H98: 4500 | J98: 0 | L98: 0 | N98: =SUM(H98,J98,L98) -> 4500 | P98: 0 | R98: 0 | V98: =SUM(P98,R98,T98) -> 0 | AD98: =SUM(X98,Z98,AB98) -> 0 | AL98: =SUM(AF98,AH98,AJ98) -> 0 | AN98: =SUM(N98+V98+AD98+AL98) -> 4500 | AO98: 납부총액
C99: 판관비 | D99: 세금과공과 합계 | H99: =SUM(H93:H98) -> 113860 | J99: =SUM(J93:J98) -> 0 | L99: =SUM(L93:L98) -> 0 | N99: =SUM(H99,J99,L99) -> 113860 | P99: =SUM(P93:P98) -> 59240 | R99: =SUM(R93:R98) -> 0 | T99: =SUM(T93:T98) -> 0 | V99: =SUM(P99,R99,T99) -> 59240 | X99: =SUM(X93:X98) -> 0 | Z99: =SUM(Z93:Z98) -> 0 | AB99: =SUM(AB93:AB98) -> 0 | AD99: =SUM(X99,Z99,AB99) -> 0 | AF99: =SUM(AF93:AF98) -> 0 | AH99: =SUM(AH93:AH98) -> 0 | AJ99: =SUM(AJ93:AJ98) -> 0 | AL99: =SUM(AF99,AH99,AJ99) -> 0 | AN99: =SUM(N99+V99+AD99+AL99) -> 173100
C100: 판관비 | D100: 지급임차료 | E100: 차량지입 | F100: 상통물류(이상천) | G100: 차량지입료-허균>>3월부터 뉴고려+일산중심으로 변경 | H100: 600000 | J100: 600000 | L100: 1920000 | N100: =SUM(H100,J100,L100) -> 3120000 | P100: 3800000 | R100: 3800000 | V100: =SUM(P100,R100,T100) -> 7600000 | AD100: =SUM(X100,Z100,AB100) -> 0 | AL100: =SUM(AF100,AH100,AJ100) -> 0 | AN100: =SUM(N100+V100+AD100+AL100) -> 10720000 | AP100: 종이세금계산서 발행(일부)
C101: 판관비 | D101: 지급임차료 | E101: 차량지입 | F101: 상통물류(이상천) | G101: 차량지입료-파주 | H101: 2750000 | J101: 2500000 | L101: 2500000 | N101: =SUM(H101,J101,L101) -> 7750000 | P101: 0 | R101: 0 | V101: =SUM(P101,R101,T101) -> 0 | AD101: =SUM(X101,Z101,AB101) -> 0 | AL101: =SUM(AF101,AH101,AJ101) -> 0 | AN101: =SUM(N101+V101+AD101+AL101) -> 7750000 | AP101: 종이세금계산서 발행(일부)
C102: 판관비 | D102: 지급임차료 | E102: 차량지입 | F102: ㈜원진운송 | G102: 차량지입료 | H102: 5600000 | J102: 5600000 | L102: 5600000 | N102: =SUM(H102,J102,L102) -> 16800000 | P102: 5600000 | R102: 5600000 | V102: =SUM(P102,R102,T102) -> 11200000 | AD102: =SUM(X102,Z102,AB102) -> 0 | AL102: =SUM(AF102,AH102,AJ102) -> 0 | AN102: =SUM(N102+V102+AD102+AL102) -> 28000000
C103: 판관비 | D103: 지급임차료(차량지입) 합계 | H103: =SUM(H100:H102) -> 8950000 | J103: =SUM(J100:J102) -> 8700000 | L103: =SUM(L100:L102) -> 10020000 | N103: =SUM(H103,J103,L103) -> 27670000 | P103: =SUM(P100:P102) -> 9400000 | R103: =SUM(R100:R102) -> 9400000 | T103: =SUM(T100:T102) -> 0 | V103: =SUM(P103,R103,T103) -> 18800000 | X103: =SUM(X100:X102) -> 0 | Z103: =SUM(Z100:Z102) -> 0 | AB103: =SUM(AB100:AB102) -> 0 | AD103: =SUM(X103,Z103,AB103) -> 0 | AF103: =SUM(AF100:AF102) -> 0 | AH103: =SUM(AH100:AH102) -> 0 | AJ103: =SUM(AJ100:AJ102) -> 0 | AL103: =SUM(AF103,AH103,AJ103) -> 0 | AN103: =SUM(N103+V103+AD103+AL103) -> 46470000
C104: 판관비 | D104: 지급임차료 | E104: 임대/렌탈 | F104: 지광선 | G104: 스테리케어 임대료 | H104: 4500000 | J104: 4500000 | L104: 4500000 | N104: =SUM(H104,J104,L104) -> 13500000 | P104: 4500000 | R104: 4500000 | V104: =SUM(P104,R104,T104) -> 9000000 | AD104: =SUM(X104,Z104,AB104) -> 0 | AL104: =SUM(AF104,AH104,AJ104) -> 0 | AN104: =SUM(N104+V104+AD104+AL104) -> 22500000
C105: 판관비 | D105: 지급임차료 | E105: 임대/렌탈 | F105: SK매직 | G105: 정수기 렌탈료 (2대) | H105: 26273 | J105: 52546 | L105: 52546 | N105: =SUM(H105,J105,L105) -> 131365 | P105: 26273 | R105: 26273 | V105: =SUM(P105,R105,T105) -> 52546 | AD105: =SUM(X105,Z105,AB105) -> 0 | AL105: =SUM(AF105,AH105,AJ105) -> 0 | AN105: =SUM(N105+V105+AD105+AL105) -> 183911
C106: 판관비 | D106: 지급임차료 | E106: 임대/렌탈 | F106: 최수진(월세후불) | G106: 김포 통진읍 마송리 530-1 304호 | H106: 400000 | J106: 400000 | L106: 400000 | N106: =SUM(H106,J106,L106) -> 1200000 | P106: 400000 | R106: 400000 | V106: =SUM(P106,R106,T106) -> 800000 | AD106: =SUM(X106,Z106,AB106) -> 0 | AL106: =SUM(AF106,AH106,AJ106) -> 0 | AN106: =SUM(N106+V106+AD106+AL106) -> 2000000
C107: 판관비 | F107: ㈜서울부스애드컴 | G107: 전시회 블록 부스 렌탈료 | H107: 0 | J107: 0 | L107: 0 | N107: =SUM(H107,J107,L107) -> 0 | P107: 0 | V107: =SUM(P107,R107,T107) -> 0 | AD107: =SUM(X107,Z107,AB107) -> 0 | AL107: =SUM(AF107,AH107,AJ107) -> 0 | AN107: =SUM(N107+V107+AD107+AL107) -> 0
C108: 판관비 | D108: 지급임차료(임대/렌탈료) 합계 | H108: =SUM(H104:H107) -> 4926273 | J108: =SUM(J104:J107) -> 4952546 | L108: =SUM(L104:L107) -> 4952546 | N108: =SUM(H108,J108,L108) -> 14831365 | P108: =SUM(P104:P107) -> 4926273 | R108: =SUM(R104:R107) -> 4926273 | T108: =SUM(T104:T107) -> 0 | V108: =SUM(P108,R108,T108) -> 9852546 | X108: =SUM(X104:X107) -> 0 | Z108: =SUM(Z104:Z107) -> 0 | AB108: =SUM(AB104:AB107) -> 0 | AD108: =SUM(X108,Z108,AB108) -> 0 | AF108: =SUM(AF104:AF107) -> 0 | AH108: =SUM(AH104:AH107) -> 0 | AJ108: =SUM(AJ104:AJ107) -> 0 | AL108: =SUM(AF108,AH108,AJ108) -> 0 | AN108: =SUM(N108+V108+AD108+AL108) -> 24683911
...

Sheet 주요비율산정표(%)
B2: ◎ 스테리케어 매출액 대비 주요 비율 산정표
K4: 보고일 : 2025-08-13
C5: 대분류 | D5: 중분류 | E5: 소분류 | F5: 상대거래처 | G5: 상세내역 | H5: 1월 | I5: 2월 | J5: 3월 | K5: 1분기 합계 | L5: 1분기 비율계상 (%) | M5: 4월 | N5: 4월 비율계상 (%) | O5: 5월 | P5: 5월 비율계상 (%) | Q5: 6월 | R5: 6월 비율계상 (%) | S5: 2분기 합계 | T5: 2분기 비율계상 (%) | U5: 7월 | V5: 7월 비율계상 (%) | W5: 8월 | X5: 8월 비율계상 (%) | Y5: 9월 | Z5: 9월 비율계상 (%) | AA5: 3분기 합계 | AB5: 3분기 비율계상 (%) | AC5: 10월 | AD5: 10월 비율계상 (%) | AE5: 11월 | AF5: 11월 비율계상 (%) | AG5: 12월 | AH5: 12월 비율계상 (%) | AI5: 4분기 합계 | AJ5: 2025년 합계
B6: 1 | C6: 매출 | D6: 서비스매출 | E6: 서비스매출 | F6: 인천세종병원 | G6: 일반세탁물 | H6: =26437209/1.1 -> 24033826 | I6: =24858650/1.1 -> 22598773 | J6: =26871649/1.1 -> 24428772 | K6: =SUM(H6:J6) -> 71061371 | L6: =K6/$K$20 -> 0.42263467 | M6: 26823809 | N6: =M6/$M$20 -> 0.41687678 | O6: 23911793 | P6: =O6/$O$20 -> 0.42051506 | Q6: 27962143 | R6: =Q6/$Q$20 -> 0.4320372 | S6: =M6+O6+Q6 -> 78697745 | T6: =S6/$S$20 -> 0.42326679 | U6: 32399302 | V6: =U6/$U$20 -> 0.43850199 | W6: 28922248 | X6: =W6/W$20 -> 0.43640741 | Y6: 32211285 | Z6: =Y6/Y$20 -> 0.43657955 | AA6: =SUM(U6+W6+Y6) -> 93532835 | AB6: =AA6/AA$20 -> 0.43719016 | AC6: 27161257 | AD6: =AC6/AC$20 -> 0.428958 | AE6: 28023935 | AF6: =AE6/AE$20 -> 0.42484326 | AG6: 31133762 | AH6: =AG6/AG$20 -> 0.40506105 | AI6: =SUM(AC6+AE6+AG6) -> 86318954 | AJ6: =SUM(AA6,S6,K6,AI6) -> 3.296109e+08 | AK6: =AJ6-#REF! -> #REF!
G7: 렌탈가운_멸균 | H7: =6228090/1.1 -> 5661900 | I7: =5452920/1.1 -> 4957200 | J7: =6430050/1.1 -> 5845500 | K7: =SUM(H7:J7) -> 16464600 | L7: =K7/$K$20 -> 0.097922552 | M7: 5977800 | N7: =M7/$M$20 -> 0.092902764 | O7: 5346000 | P7: =O7/$O$20 -> 0.094015262 | Q7: 5278500 | R7: =Q7/$Q$20 -> 0.081556996 | S7: =M7+O7+Q7 -> 16602300 | T7: =S7/$S$20 -> 0.089293565 | U7: 5896800 | V7: =U7/$U$20 -> 0.079809081 | W7: 5540400 | X7: =W7/W$20 -> 0.083599021 | Y7: 5732100 | Z7: =Y7/Y$20 -> 0.077690711 | AA7: =SUM(U7+W7+Y7) -> 17169300 | AB7: =AA7/AA$20 -> 0.080252555 | AC7: 5086800 | AD7: =AC7/AC$20 -> 0.080335883 | AE7: 5005800 | AF7: =AE7/AE$20 -> 0.075888001 | AG7: 5556600 | AH7: =AG7/AG$20 -> 0.072293294 | AI7: =SUM(AC7+AE7+AG7) -> 15649200 | AJ7: =SUM(AA7,S7,K7,AI7) -> 65885400 | AK7: =AJ7-#REF! -> #REF!
G8: 렌탈가운_비멸균 | H8: =1146000/1.1 -> 1041818.2 | I8: =1403250/1.1-1 -> 1275680.8 | J8: =749250/1.1 -> 681136.36 | K8: =SUM(H8:J8) -> 2998635.4 | L8: =K8/$K$20 -> 0.017834264 | M8: 1336364 | N8: =M8/$M$20 -> 0.02076883 | O8: 1200682 | P8: =O8/$O$20 -> 0.021115307 | Q8: 1001591 | R8: =Q8/$Q$20 -> 0.015475372 | S8: =M8+O8+Q8 -> 3538637 | T8: =S8/$S$20 -> 0.019032153 | U8: 1076591 | V8: =U8/$U$20 -> 0.014570909 | W8: 1088182 | X8: =W8/W$20 -> 0.016419564 | Y8: 1197955 | Z8: =Y8/Y$20 -> 0.016236628 | AA8: =SUM(U8+W8+Y8) -> 3362728 | AB8: =AA8/AA$20 -> 0.015718027 | AC8: 990000 | AD8: =AC8/AC$20 -> 0.01563508 | AE8: 952500 | AF8: =AE8/AE$20 -> 0.014439914 | AG8: 842727 | AH8: =AG8/AG$20 -> 0.010964171 | AI8: =SUM(AC8+AE8+AG8) -> 2785227 | AJ8: =SUM(AA8,S8,K8,AI8) -> 12685227 | AK8: =AJ8-#REF! -> #REF!
G9: 렌탈 멸균 프로텍트커버 | H9: 0 | I9: 0 | J9: 0 | K9: =SUM(H9:J9) -> 0 | L9: =K9/$K$20 -> 0 | M9: 207273 | N9: =M9/$M$20 -> 0.0032212912 | O9: 138182 | P9: =O9/$O$20 -> 0.0024300817 | Q9: 207273 | R9: =Q9/$Q$20 -> 0.0032025316 | S9: =M9+O9+Q9 -> 552728 | T9: =S9/$S$20 -> 0.0029727841 | U9: 69091 | V9: =U9/$U$20 -> 0.00093509856 | W9: 69091 | X9: =W9/W$20 -> 0.0010425132 | Y9: 0 | Z9: =Y9/Y$20 -> 0 | AA9: =SUM(U9+W9+Y9) -> 138182 | AB9: =AA9/AA$20 -> 0.0006458888 | AC9: 0 | AD9: =AC9/AC$20 -> 0 | AE9: 0 | AF9: =AE9/AE$20 -> 0 | AG9: 0 | AH9: =AG9/AG$20 -> 0 | AI9: =SUM(AC9+AE9+AG9) -> 0 | AJ9: =SUM(AA9,S9,K9,AI9) -> 690910 | AK9: =AJ9-#REF! -> #REF!
G10: 인천세종병원 매출 합계 | H10: =SUM(H6:H9) -> 30737545 | I10: =SUM(I6:I9) -> 28831654 | J10: =SUM(J6:J9) -> 30955408 | K10: =SUM(K6:K9) -> 90524606 | L10: =K10/$K$20 -> 0.53839149 | M10: =SUM(M6:M9) -> 34345246 | N10: =M10/$M$20 -> 0.53376966 | O10: =SUM(O6:O9) -> 30596657 | P10: =O10/$O$20 -> 0.53807571 | Q10: =SUM(Q6:Q9) -> 34449507 | R10: =Q10/$Q$20 -> 0.5322721 | S10: =SUM(S6:S9) -> 99391410 | T10: =S10/$S$20 -> 0.53456529 | U10: =SUM(U6:U9) -> 39441784 | V10: =U10/$U$20 -> 0.53381707 | W10: =SUM(W6:W9) -> 35619921 | X10: =W10/W$20 -> 0.53746851 | Y10: =SUM(Y6:Y9) -> 39141340 | Z10: =Y10/Y$20 -> 0.53050689 | AA10: =SUM(U10+W10+Y10) -> 114203045 | AB10: =AA10/$S$20 -> 0.61422797 | AC10: =SUM(AC6:AC9) -> 33238057 | AD10: =AC10/AC$20 -> 0.52492897 | AE10: =SUM(AE6:AE9) -> 33982235 | AF10: =AE10/AE$20 -> 0.51517118 | AG10: =SUM(AG6:AG9) -> 37533089 | AH10: =AG10/AG$20 -> 0.48831851 | AI10: =SUM(AI6:AI9) -> 104753381 | AJ10: =SUM(AA10,S10,K10,AI10) -> 4.0887244e+08 | AK10: =AJ10-#REF! -> #REF!
B11: 2 | F11: 부천세종병원 | G11: 일반세탁물 | H11: =23767165/1.1 -> 21606514 | I11: =22906077/1.1-1 -> 20823705 | J11: =23652433/1.1 -> 21502212 | K11: =SUM(H11:J11) -> 63932431 | L11: =K11/$K$20 -> 0.38023558 | M11: 23402595 | N11: =M11/$M$20 -> 0.36370667 | O11: 22005860 | P11: =O11/$O$20 -> 0.38699714 | Q11: 25043165 | R11: =Q11/$Q$20 -> 0.38693669 | S11: =M11+O11+Q11 -> 70451620 | T11: =S11/$S$20 -> 0.37891595 | U11: 28415082 | V11: =U11/$U$20 -> 0.38457834 | W11: 25286463 | X11: =W11/W$20 -> 0.3815471 | Y11: 28239172 | Z11: =Y11/Y$20 -> 0.38274304 | AA11: =SUM(U11+W11+Y11) -> 81940717 | AB11: =AA11/AA$20 -> 0.38300641 | AC11: 24024131 | AD11: =AC11/AC$20 -> 0.37941334 | AE11: 24285323 | AF11: =AE11/AE$20 -> 0.36816585 | AG11: 28932348 | AH11: =AG11/AG$20 -> 0.37641989 | AI11: =SUM(AC11+AE11+AG11) -> 77241802 | AJ11: =SUM(AA11,S11,K11,AI11) -> 2.9356657e+08 | AK11: =AJ11-#REF! -> #REF!
G12: 렌탈가운_멸균 | H12: =4235220/1.1 -> 3850200 | I12: =4757940/1.1 -> 4325400 | J12: =4232250/1.1 -> 3847500 | K12: =SUM(H12:J12) -> 12023100 | L12: =K12/$K$20 -> 0.071506908 | M12: 4608900 | N12: =M12/$M$20 -> 0.071628283 | O12: 3361500 | P12: =O12/$O$20 -> 0.059115657 | Q12: 3952800 | R12: =Q12/$Q$20 -> 0.061073883 | S12: =M12+O12+Q12 -> 11923200 | T12: =S12/$S$20 -> 0.064127563 | U12: 4260600 | V12: =U12/$U$20 -> 0.057664253 | W12: 3952800 | X12: =W12/W$20 -> 0.059643746 | Y12: 4179600 | Z12: =Y12/Y$20 -> 0.056648715 | AA12: =SUM(U12+W12+Y12) -> 12393000 | AB12: =AA12/AA$20 -> 0.057927225 | AC12: 3450600 | AD12: =AC12/AC$20 -> 0.05449536 | AE12: 3645000 | AF12: =AE12/AE$20 -> 0.055258253 | AG12: 4827600 | AH12: =AG12/AG$20 -> 0.062808751 | AI12: =SUM(AC12+AE12+AG12) -> 11923200 | AJ12: =SUM(AA12,S12,K12,AI12) -> 48262500 | AK12: =AJ12-#REF! -> #REF!
G13: 렌탈가운_비멸균 | H13: =660000/1.1 -> 600000 | I13: =577500/1.1 -> 525000 | J13: =533863 -> 533863 | K13: =SUM(H13:J13) -> 1658863 | L13: =K13/$K$20 -> 0.0098660216 | M13: 606136 | N13: =M13/$M$20 -> 0.0094201395 | O13: 346364 | P13: =O13/$O$20 -> 0.0060911901 | Q13: 308864 | R13: =Q13/$Q$20 -> 0.0047721929 | S13: =M13+O13+Q13 -> 1261364 | T13: =S13/$S$20 -> 0.0067841015 | U13: 456136 | V13: =U13/$U$20 -> 0.0061734831 | W13: 308864 | X13: =W13/W$20 -> 0.0046604448 | Y13: 444545 | Z13: =Y13/Y$20 -> 0.0060251945 | AA13: =SUM(U13+W13+Y13) -> 1209545 | AB13: =AA13/AA$20 -> 0.005653642 | AC13: 346364 | AD13: =AC13/AC$20 -> 0.0054701301 | AE13: 357955 | AF13: =AE13/AE$20 -> 0.005426603 | AG13: 407045 | AH13: =AG13/AG$20 -> 0.0052957967 | AI13: =SUM(AC13+AE13+AG13) -> 1111364 | AJ13: =SUM(AA13,S13,K13,AI13) -> 5241136 | AK13: =AJ13-#REF! -> #REF!
G14: 렌탈 멸균 프로텍트커버 | H14: 0 | I14: 0 | J14: 0 | K14: =SUM(H14:J14) -> 0 | L14: =K14/$K$20 -> 0 | M14: 1381818 | N14: =M14/$M$20 -> 0.021475244 | O14: 552727 | P14: =O14/$O$20 -> 0.0097203093 | Q14: 967273 | R14: =Q14/$Q$20 -> 0.014945132 | S14: =M14+O14+Q14 -> 2901818 | T14: =S14/$S$20 -> 0.015607095 | U14: 1312727 | V14: =U14/$U$20 -> 0.017766846 | W14: 1105455 | X14: =W14/W$20 -> 0.016680196 | Y14: 276364 | Z14: =Y14/Y$20 -> 0.0037457329 | AA14: =SUM(U14+W14+Y14) -> 2694546 | AB14: =AA14/AA$20 -> 0.012594818 | AC14: 760000 | AD14: =AC14/AC$20 -> 0.012002688 | AE14: 967273 | AF14: =AE14/AE$20 -> 0.014663873 | AG14: 1036364 | AH14: =AG14/AG$20 -> 0.013483455 | AI14: =SUM(AC14+AE14+AG14) -> 2763637 | AJ14: =SUM(AA14,S14,K14,AI14) -> 8360001 | AK14: =AJ14-#REF! -> #REF!
G15: 부천세종병원 매출 합계 | H15: =SUM(H11:H14) -> 26056714 | I15: =SUM(I11:I14) -> 25674105 | J15: =SUM(J11:J14) -> 25883575 | K15: =SUM(K11:K14) -> 77614394 | L15: =K15/$K$20 -> 0.46160851 | M15: =SUM(M11:M14) -> 29999449 | N15: =M15/$M$20 -> 0.46623034 | O15: =SUM(O11:O14) -> 26266451 | P15: =O15/$O$20 -> 0.46192429 | Q15: =SUM(Q11:Q14) -> 30272102 | R15: =Q15/$Q$20 -> 0.4677279 | S15: =SUM(S11:S14) -> 86538002 | T15: =S15/$S$20 -> 0.46543471 | U15: =SUM(U11:U14) -> 34444545 | V15: =U15/$U$20 -> 0.46618293 | W15: =SUM(W11:W14) -> 30653582 | X15: =W15/W$20 -> 0.46253149 | Y15: =SUM(Y11:Y14) -> 33139681 | Z15: =Y15/Y$20 -> 0.44916268 | AA15: =SUM(U15+W15+Y15) -> 98237808 | AB15: =AA15/$S$20 -> 0.52836077 | AC15: =SUM(AC11:AC14) -> 28581095 | AD15: =AC15/AC$20 -> 0.45138152 | AE15: =SUM(AE11:AE14) -> 29255551 | AF15: =AE15/AE$20 -> 0.44351458 | AG15: =SUM(AG11:AG14) -> 35203357 | AH15: =AG15/AG$20 -> 0.45800789 | AI15: =SUM(AI11:AI14) -> 93040003 | AJ15: =SUM(AA15,S15,K15,AI15) -> 3.5543021e+08 | AK15: =AJ15-#REF! -> #REF!
B16: 3 | F16: 메디탁 | G16: 일반세탁물(허균) | H16: 0 | I16: 0 | J16: 0 | K16: =SUM(H16:J16) -> 0 | L16: =K16/$K$20 -> 0 | M16: 0 | N16: =M16/$M$20 -> 0 | O16: 0 | P16: =O16/$O$20 -> 0 | Q16: 0 | R16: =Q16/$Q$20 -> 0 | S16: =M16+O16+Q16 -> 0 | T16: =S16/$S$20 -> 0 | U16: 0 | V16: =U16/$U$20 -> 0 | W16: 0 | X16: =W16/W$20 -> 0 | Y16: 1500000 | Z16: =Y16/Y$20 -> 0.020330432 | AA16: =SUM(U16+W16+Y16) -> 1500000 | AB16: =AA16/AA$20 -> 0.0070112836 | AC16: 1500000 | AD16: =AC16/AC$20 -> 0.023689515 | AE16: 1500000 | AF16: =AE16/AE$20 -> 0.022740022 | AG16: 1500000 | AH16: =AG16/AG$20 -> 0.019515521 | AI16: =SUM(AC16+AE16+AG16) -> 4500000 | AJ16: =SUM(AA16,S16,K16,AI16) -> 6000000 | AK16: =AJ16-#REF! -> #REF!
G17: 일반세탁물(나움) | K17: =SUM(H17:J17) -> 0 | N17: =M17/$M$20 -> 0 | P17: =O17/$O$20 -> 0 | R17: =Q17/$Q$20 -> 0 | S17: =M17+O17+Q17 -> 0 | T17: =S17/$S$20 -> 0 | V17: =U17/$U$20 -> 0 | X17: =W17/W$20 -> 0 | Y17: 0 | Z17: =Y17/Y$20 -> 0 | AA17: =SUM(U17+W17+Y17) -> 0 | AB17: =AA17/AA$20 -> 0 | AC17: 0 | AD17: =AC17/AC$20 -> 0 | AE17: 410666 | AF17: =AE17/AE$20 -> 0.0062257026 | AG17: 880000 | AH17: =AG17/AG$20 -> 0.011449105 | AI17: =SUM(AC17+AE17+AG17) -> 1290666 | AJ17: =SUM(AA17,S17,K17,AI17) -> 1290666 | AK17: =AJ17-#REF! -> #REF!
G18: 일반세탁물(강서바른) | K18: =SUM(H18:J18) -> 0 | N18: =M18/$M$20 -> 0 | P18: =O18/$O$20 -> 0 | R18: =Q18/$Q$20 -> 0 | S18: =M18+O18+Q18 -> 0 | T18: =S18/$S$20 -> 0 | V18: =U18/$U$20 -> 0 | X18: =W18/W$20 -> 0 | Y18: 0 | Z18: =Y18/Y$20 -> 0 | AA18: =SUM(U18+W18+Y18) -> 0 | AB18: =AA18/AA$20 -> 0 | AC18: 0 | AD18: =AC18/AC$20 -> 0 | AE18: 814545 | AF18: =AE18/AE$20 -> 0.012348514 | AG18: 1745454.4 | AH18: =AG18/AG$20 -> 0.022708968 | AI18: =SUM(AC18+AE18+AG18) -> 2559999.4 | AJ18: =SUM(AA18,S18,K18,AI18) -> 2559999.4 | AK18: =AJ18-#REF! -> #REF!
G19: 메디탁 매출 합계 | M19: =SUM(M16) -> 0 | N19: =M19/M$20 -> 0 | O19: =SUM(O16) -> 0 | P19: =O19/O$20 -> 0 | Q19: =SUM(Q16) -> 0 | R19: =Q19/Q$20 -> 0 | U19: =SUM(U16) -> 0 | V19: =U19/U$20 -> 0 | W19: =SUM(W16) -> 0 | X19: =W19/W$20 -> 0 | Y19: =SUM(Y16) -> 1500000 | Z19: =Y19/Y$20 -> 0.020330432 | AA19: =SUM(U19+W19+Y19) -> 1500000 | AC19: =SUM(AC16:AC18) -> 1500000 | AD19: =AC19/AC$20 -> 0.023689515 | AE19: =SUM(AE16:AE18) -> 2725211 | AF19: =AE19/AE$20 -> 0.041314239 | AG19: =SUM(AG16:AG18) -> 4125454.4 | AH19: =AG19/AG$20 -> 0.053673594 | AI19: =SUM(AI16:AI18) -> 8350665.4 | AJ19: =SUM(AA19,S19,K19,AI19) -> 9850665.4 | AK19: =AJ19-#REF! -> #REF!
B20: 스테리케어 매출 합계액 (부가세 별도가 기준) | H20: =H10+H15 -> 56794258 | I20: =I10+I15 -> 54505759 | J20: =J10+J15 -> 56838983 | K20: =K10+K15 -> 1.68139e+08 | L20: =K20/$K$20 -> 1 | M20: =M10+M15 -> 64344695 | N20: =M20/$M$20 -> 1 | O20: =O10+O15 -> 56863108 | P20: =O20/$O$20 -> 1 | Q20: =Q10+Q15 -> 64721609 | R20: =Q20/$Q$20 -> 1 | S20: =S10+S15 -> 185929412 | T20: =S20/$S$20 -> 1 | U20: =U10+U15 -> 73886329 | V20: =U20/$U$20 -> 1 | W20: =W10+W15 -> 66273503 | X20: =W20/W$20 -> 1 | Y20: =Y10+Y15+Y19 -> 73781021 | Z20: =Y20/Y$20 -> 1 | AA20: =SUM(U20+W20+Y20) -> 213940853 | AB20: =AA20/AA$20 -> 1 | AC20: =AC10+AC15+AC19 -> 63319152 | AD20: =AC20/AC$20 -> 1 | AE20: =AE10+AE15+AE19 -> 65962997 | AF20: =AE20/AE$20 -> 1 | AG20: =AG10+AG15+AG19 -> 76861900 | AH20: =AG20/AG$20 -> 1 | AI20: =SUM(AC20+AE20+AG20) -> 2.0614405e+08 | AJ20: =SUM(AA20,S20,K20,AI20) -> 7.7415331e+08 | AK20: =AJ20-#REF! -> #REF!
B21: 3 | G21: 직접 노무비 (1) | H21: =#REF! -> #REF! | I21: =#REF! -> #REF! | J21: =#REF! -> #REF! | K21: =SUM(H21:J21) -> #REF! | L21: =K21/$K$20 -> #REF! | M21: =#REF! -> #REF! | N21: =M21/$M$20 -> #REF! | O21: =#REF! -> #REF! | P21: =O21/O$20 -> #REF! | Q21: =#REF! -> #REF! | R21: =Q21/Q$20 -> #REF! | S21: =M21+O21+Q21 -> #REF! | T21: =S21/$S$20 -> #REF! | U21: =#REF! -> #REF! | V21: =U21/U$20 -> #REF! | W21: =#REF! -> #REF! | X21: =W21/W$20 -> #REF! | Y21: =#REF! -> #REF! | Z21: =Y21/Y$20 -> #REF! | AA21: =SUM(U21+W21+Y21) -> #REF! | AB21: =AA21/AA$20 -> #REF! | AC21: =#REF! -> #REF! | AD21: =AC21/AC$20 -> #REF! | AE21: =#REF! -> #REF! | AF21: =AE21/AE$20 -> #REF! | AG21: =#REF! -> #REF! | AH21: =AG21/AG$20 -> #REF! | AI21: =SUM(AC21+AE21+AG21) -> #REF! | AJ21: =SUM(AA21,S21,K21,AI21) -> #REF! | AK21: =AJ21-#REF! -> #REF!
B22: 4 | G22: 총 노무비 합계 (1)+(2) | H22: =#REF! -> #REF! | I22: =#REF! -> #REF! | J22: =#REF! -> #REF! | K22: =SUM(H22:J22) -> #REF! | L22: =K22/$K$20 -> #REF! | M22: =#REF! -> #REF! | N22: =M22/$M$20 -> #REF! | O22: =#REF! -> #REF! | P22: =O22/O$20 -> #REF! | Q22: =#REF! -> #REF! | R22: =Q22/Q$20 -> #REF! | S22: =M22+O22+Q22 -> #REF! | T22: =S22/$S$20 -> #REF! | U22: =#REF! -> #REF! | V22: =U22/U$20 -> #REF! | W22: =#REF! -> #REF! | X22: =W22/W$20 -> #REF! | Y22: =#REF! -> #REF! | Z22: =Y22/Y$20 -> #REF! | AA22: =SUM(U22+W22+Y22) -> #REF! | AB22: =AA22/AA$20 -> #REF! | AC22: =#REF! -> #REF! | AD22: =AC22/AC$20 -> #REF! | AE22: =#REF! -> #REF! | AF22: =AE22/AE$20 -> #REF! | AG22: =#REF! -> #REF! | AH22: =AG22/AG$20 -> #REF! | AI22: =SUM(AC22+AE22+AG22) -> #REF! | AJ22: =SUM(AA22,S22,K22,AI22) -> #REF! | AK22: =AJ22-#REF! -> #REF!
B23: 5 | G23: 연장수당 | H23: 3624174 | I23: 1653330 | J23: 2240381 | K23: =SUM(H23:J23) -> 7517885 | L23: =K23/$K$20 -> 0.044712321 | M23: 1886578 | N23: =M23/$M$20 -> 0.029319869 | O23: 3014728 | P23: =O23/O$20 -> 0.053017292 | Q23: 1864888 | R23: =Q23/Q$20 -> 0.028813993 | S23: =M23+O23+Q23 -> 6766194 | T23: =S23/$S$20 -> 0.036391198 | U23: 1645808 | V23: =U23/U$20 -> 0.022274865 | W23: 2129226 | X23: =W23/W$20 -> 0.032127863 | Y23: 2461458 | Z23: =Y23/Y$20 -> 0.033361669 | AA23: =SUM(U23+W23+Y23) -> 6236492 | AB23: =AA23/AA$20 -> 0.029150543 | AC23: 491882 | AD23: =AC23/AC$20 -> 0.0077682973 | AE23: 1624458.4 | AF23: =AE23/AE$20 -> 0.024626812 | AG23: 1136417 | AH23: =AG23/AG$20 -> 0.01478518 | AI23: =SUM(AC23+AE23+AG23) -> 3252757.4 | AJ23: =SUM(AA23,S23,K23,AI23) -> 23773328 | AL23: 연장수당+야간수당+박우생 기타수당 100만원포함
B24: 6 | G24: 전기요금(한국전력공사) | H24: 3795954 | I24: 4162788 | J24: 4165314 | K24: =SUM(H24:J24) -> 12124056 | L24: =K24/$K$20 -> 0.07210734 | M24: 4174230 | N24: =M24/$M$20 -> 0.064872947 | O24: =#REF! -> #REF! | P24: =O24/O$20 -> #REF! | Q24: =#REF! -> #REF! | R24: =Q24/Q$20 -> #REF! | S24: =M24+O24+Q24 -> #REF! | T24: =S24/$S$20 -> #REF! | U24: =#REF! -> #REF! | V24: =U24/U$20 -> #REF! | W24: =#REF! -> #REF! | X24: =W24/W$20 -> #REF! | Y24: =#REF! -> #REF! | Z24: =Y24/Y$20 -> #REF! | AA24: =SUM(U24+W24+Y24) -> #REF! | AB24: =AA24/AA$20 -> #REF! | AC24: =#REF! -> #REF! | AD24: =AC24/AC$20 -> #REF! | AE24: =#REF! -> #REF! | AF24: =AE24/AE$20 -> #REF! | AG24: =#REF! -> #REF! | AH24: =AG24/AG$20 -> #REF! | AI24: =SUM(AC24+AE24+AG24) -> #REF! | AJ24: =SUM(AA24,S24,K24,AI24) -> #REF! | AK24: =AJ24-#REF! -> #REF! | AL24: 청구요금-부가세대급금 (전력기금 포함)
B25: 7 | G25: 가스요금(해동에너지) | H25: 8355215 | I25: 8188170 | J25: 7242856 | K25: =SUM(H25:J25) -> 23786241 | L25: =K25/$K$20 -> 0.14146772 | M25: 6434092 | N25: =M25/$M$20 -> 0.099994133 | O25: =#REF! -> #REF! | P25: =O25/O$20 -> #REF! | Q25: =#REF! -> #REF! | R25: =Q25/Q$20 -> #REF! | S25: =M25+O25+Q25 -> #REF! | T25: =S25/$S$20 -> #REF! | U25: =#REF! -> #REF! | V25: =U25/U$20 -> #REF! | W25: =#REF! -> #REF! | X25: =W25/W$20 -> #REF! | Y25: =#REF! -> #REF! | Z25: =Y25/Y$20 -> #REF! | AA25: =SUM(U25+W25+Y25) -> #REF! | AB25: =AA25/AA$20 -> #REF! | AC25: =#REF! -> #REF! | AD25: =AC25/AC$20 -> #REF! | AE25: =#REF! -> #REF! | AF25: =AE25/AE$20 -> #REF! | AG25: =#REF! -> #REF! | AH25: =AG25/AG$20 -> #REF! | AI25: =SUM(AC25+AE25+AG25) -> #REF! | AJ25: =SUM(AA25,S25,K25,AI25) -> #REF! | AK25: =AJ25-#REF! -> #REF! | AL25: 해동에너지

Sheet 26년 3월(결산용)
C1: ◎ 스테리케어 손익 결산 (부가세별도가 기준)
H2: 2026년 (귀속월 기준)
C3: 대분류 | D3: 중분류 | E3: 소분류 | F3: 상대거래처 | G3: 상세내역 | H3: 1월 | I3: 1월 비율계상 (%) | J3: 2월 | K3: 2월 비율계상 (%) | L3: 3월 | M3: 3월 비율계상 (%) | N3: 1분기 합계 | O3: 1분기 비율계상 (%) | P3: 4월 | Q3: 4월 비율계상 (%) | R3: 5월 | S3: 5월 비율계상 (%) | T3: 6월 | U3: 6월 비율계상 (%) | V3: 2분기 합계 | W3: 2분기 비율계상 (%) | X3: 7월 | Y3: 7월 비율계상 (%) | Z3: 8월 | AA3: 8월 비율계상 (%) | AB3: 9월 | AC3: 9월 비율계상 (%) | AD3: 3분기 합계 | AE3: 3분기 비율계상 (%) | AF3: 10월 | AG3: 10월 비율계상 (%) | AH3: 11월 | AI3: 11월 비율계상 (%) | AJ3: 12월 | AK3: 12월 비율계상 (%) | AL3: 4분기 합계 | AM3: 4분기 비율계상 (%) | AN3: 2026년 합계 | AO3: 비고
C4: 매출원가 | D4: 서비스 매출원가 | E4: 가운원가 | F4: 부천세종병원 | G4: 가운원가반영 | H4: ='월별원가(류)5월'!Q11 -> 1298904.5 | I4: =H4/H11 -> 0.040444379 | J4: ='월별원가(류)5월'!R11 -> 1029270.9 | K4: =J4/J11 -> 0.03687823 | L4: ='월별원가(류)5월'!S11 -> 1021823.6 | M4: =L4/L11 -> 0.03310279 | N4: =SUM(H4,J4,L4) -> 3349999.1 | O4: =N4/N11 -> 0.036856102 | Q4: =P4/P11 -> #DIV/0! | S4: =R4/R11 -> #DIV/0! | U4: =T4/T11 -> #DIV/0! | V4: =SUM(P4,R4,T4) -> 0 | W4: =V4/V$27 -> #DIV/0! | Y4: =X4/X11 -> #DIV/0! | AA4: =Z4/Z11 -> #DIV/0! | AC4: =AB4/AB11 -> #DIV/0! | AD4: =SUM(X4,Z4,AB4) -> 0 | AE4: =AD4/AD$27 -> #DIV/0! | AG4: =AF4/AF11 -> #DIV/0! | AI4: =AH4/AH11 -> #DIV/0! | AK4: =AJ4/AJ11 -> #DIV/0! | AL4: =SUM(AF4,AH4,AJ4) -> 0 | AM4: =AL4/AL$27 -> #DIV/0! | AN4: =SUM(AD4,V4,N4,AL4) -> 3349999.1
F5: 인천세종병원 | G5: 가운원가반영 | H5: ='월별원가(류)5월'!Q19 -> 1631721.8 | I5: =H5/H16 -> 0.044456817 | J5: ='월별원가(류)5월'!R19 -> 1289300.9 | K5: =J5/J16 -> 0.041560373 | L5: ='월별원가(류)5월'!S19 -> 1459183.6 | M5: =L5/L16 -> 0.040488366 | N5: =SUM(H5,J5,L5) -> 4380206.4 | O5: =N5/N16 -> 0.042212566 | Q5: =P5/P16 -> #DIV/0! | S5: =R5/R16 -> #DIV/0! | U5: =T5/T16 -> #DIV/0! | V5: =SUM(P5,R5,T5) -> 0 | W5: =V5/V$27 -> #DIV/0! | Y5: =X5/X16 -> #DIV/0! | AA5: =Z5/Z16 -> #DIV/0! | AC5: =AB5/AB16 -> #DIV/0! | AD5: =SUM(X5,Z5,AB5) -> 0 | AE5: =AD5/AD$27 -> #DIV/0! | AG5: =AF5/AF16 -> #DIV/0! | AI5: =AH5/AH16 -> #DIV/0! | AK5: =AJ5/AJ16 -> #DIV/0! | AL5: =SUM(AF5,AH5,AJ5) -> 0 | AM5: =AL5/AL$27 -> #DIV/0! | AN5: =SUM(AD5,V5,N5,AL5) -> 4380206.4
B6: 가운 원가 합계 | H6: =SUM(H4:H5) -> 2930626.4 | I6: =H6/H27 -> 0.034547478 | J6: =SUM(J4:J5) -> 2318571.8 | K6: =J6/J27 -> 0.031432881 | L6: =SUM(L4:L5) -> 2481007.3 | M6: =L6/L27 -> 0.024404956 | N6: =SUM(H6,J6,L6) -> 7730205.5 | O6: =N6/N27 -> 0.029702821 | P6: =SUM(P4:P5) -> 0 | Q6: =P6/P27 -> #DIV/0! | R6: =SUM(R4:R5) -> 0 | S6: =R6/R27 -> #DIV/0! | T6: =SUM(T4:T5) -> 0 | U6: =T6/T27 -> #DIV/0! | V6: =SUM(P6,R6,T6) -> 0 | W6: =V6/V$27 -> #DIV/0! | X6: =SUM(X4:X5) -> 0 | Y6: =X6/X27 -> #DIV/0! | Z6: =SUM(Z4:Z5) -> 0 | AA6: =Z6/Z27 -> #DIV/0! | AB6: =SUM(AB4:AB5) -> 0 | AC6: =AB6/AB27 -> #DIV/0! | AD6: =SUM(X6,Z6,AB6) -> 0 | AE6: =AD6/AD$27 -> #DIV/0! | AF6: =SUM(AF4:AF5) -> 0 | AG6: =AF6/AF27 -> #DIV/0! | AH6: =SUM(AH4:AH5) -> 0 | AI6: =AH6/AH27 -> #DIV/0! | AJ6: =SUM(AJ4:AJ5) -> 0 | AK6: =AJ6/AJ27 -> #DIV/0! | AL6: =SUM(AF6,AH6,AJ6) -> 0 | AM6: =AL6/AL$27 -> #DIV/0! | AN6: =SUM(AN4:AN5) -> 7730205.5
C7: 매출 | D7: 서비스매출 | E7: 서비스매출 | F7: 부천세종병원 | G7: 일반세탁물 | H7: 26032869 | I7: =H7/H$27 -> 0.3068866 | J7: 23030641 | K7: =J7/J$27 -> 0.31222643 | L7: 25936284 | M7: =L7/L$27 -> 0.25512778 | N7: =SUM(H7,J7,L7) -> 74999794 | O7: =N7/$N$27 -> 0.28818193 | Q7: =P7/$P$27 -> #DIV/0! | S7: =R7/$R$27 -> #DIV/0! | U7: =T7/$T$27 -> #DIV/0! | V7: =SUM(P7,R7,T7) -> 0 | W7: =V7/V$27 -> #DIV/0! | Y7: =X7/X$27 -> #DIV/0! | AA7: =Z7/Z$27 -> #DIV/0! | AC7: =AB7/AB$27 -> #DIV/0! | AD7: =SUM(X7,Z7,AB7) -> 0 | AE7: =AD7/AD$27 -> #DIV/0! | AG7: =AF7/AF$27 -> #DIV/0! | AI7: =AH7/AH$27 -> #DIV/0! | AK7: =AJ7/AJ$27 -> #DIV/0! | AL7: =SUM(AF7,AH7,AJ7) -> 0 | AM7: =AL7/AL$27 -> #DIV/0! | AN7: =SUM(N7+V7+AD7+AL7) -> 74999794
G8: 렌탈가운_멸균 | H8: 4792500 | I8: =H8/H$27 -> 0.056496041 | J8: 3709800 | K8: =J8/J$27 -> 0.050293764 | L8: 3612600 | M8: =L8/L$27 -> 0.035536109 | N8: =SUM(H8,J8,L8) -> 12114900 | O8: =N8/$N$27 -> 0.046550731 | Q8: =P8/$P$27 -> #DIV/0! | S8: =R8/$R$27 -> #DIV/0! | U8: =T8/$T$27 -> #DIV/0! | V8: =SUM(P8,R8,T8) -> 0 | W8: =V8/V$27 -> #DIV/0! | Y8: =X8/X$27 -> #DIV/0! | AA8: =Z8/Z$27 -> #DIV/0! | AC8: =AB8/AB$27 -> #DIV/0! | AD8: =SUM(X8,Z8,AB8) -> 0 | AE8: =AD8/AD$27 -> #DIV/0! | AG8: =AF8/AF$27 -> #DIV/0! | AI8: =AH8/AH$27 -> #DIV/0! | AK8: =AJ8/AJ$27 -> #DIV/0! | AL8: =SUM(AF8,AH8,AJ8) -> 0 | AM8: =AL8/AL$27 -> #DIV/0! | AN8: =SUM(N8+V8+AD8+AL8) -> 12114900
G9: 렌탈가운_비멸균 | H9: 271364 | I9: =H9/H$27 -> 0.003198955 | J9: 271364 | K9: =J9/J$27 -> 0.0036788821 | L9: 282955 | M9: =L9/L$27 -> 0.0027833471 | N9: =SUM(H9,J9,L9) -> 825683 | O9: =N9/$N$27 -> 0.0031726343 | Q9: =P9/$P$27 -> #DIV/0! | S9: =R9/$R$27 -> #DIV/0! | U9: =T9/$T$27 -> #DIV/0! | V9: =SUM(P9,R9,T9) -> 0 | W9: =V9/V$27 -> #DIV/0! | Y9: =X9/X$27 -> #DIV/0! | AA9: =Z9/Z$27 -> #DIV/0! | AC9: =AB9/AB$27 -> #DIV/0! | AD9: =SUM(X9,Z9,AB9) -> 0 | AE9: =AD9/AD$27 -> #DIV/0! | AG9: =AF9/AF$27 -> #DIV/0! | AI9: =AH9/AH$27 -> #DIV/0! | AK9: =AJ9/AJ$27 -> #DIV/0! | AL9: =SUM(AF9,AH9,AJ9) -> 0 | AM9: =AL9/AL$27 -> #DIV/0! | AN9: =SUM(N9+V9+AD9+AL9) -> 825683
G10: 렌탈 멸균 프로텍트커버 | H10: 1019091 | I10: =H10/H$27 -> 0.012013481 | J10: 898182 | K10: =J10/J$27 -> 0.012176655 | L10: 1036364 | M10: =L10/L$27 -> 0.010194415 | N10: =SUM(H10,J10,L10) -> 2953637 | O10: =N10/$N$27 -> 0.011349162 | Q10: =P10/$P$27 -> #DIV/0! | S10: =R10/$R$27 -> #DIV/0! | U10: =T10/$T$27 -> #DIV/0! | V10: =SUM(P10,R10,T10) -> 0 | W10: =V10/V$27 -> #DIV/0! | Y10: =X10/X$27 -> #DIV/0! | AA10: =Z10/Z$27 -> #DIV/0! | AC10: =AB10/AB$27 -> #DIV/0! | AD10: =SUM(X10,Z10,AB10) -> 0 | AE10: =AD10/AD$27 -> #DIV/0! | AG10: =AF10/AF$27 -> #DIV/0! | AI10: =AH10/AH$27 -> #DIV/0! | AK10: =AJ10/AJ$27 -> #DIV/0! | AL10: =SUM(AF10,AH10,AJ10) -> 0 | AM10: =AL10/AL$27 -> #DIV/0! | AN10: =SUM(N10+V10+AD10+AL10) -> 2953637
G11: 부천세종병원 매출 합계 | H11: =SUM(H7:H10) -> 32115824 | I11: =H11/H$27 -> 0.37859508 | J11: =SUM(J7:J10) -> 27909987 | K11: =J11/J$27 -> 0.37837573 | L11: =SUM(L7:L10) -> 30868203 | M11: =L11/L$27 -> 0.30364165 | N11: =SUM(H11,J11,L11) -> 90894014 | O11: =N11/$N$27 -> 0.34925445 | P11: =SUM(P7:P10) -> 0 | Q11: =P11/P27 -> #DIV/0! | R11: =SUM(R7:R10) -> 0 | S11: =R11/R27 -> #DIV/0! | T11: =SUM(T7:T10) -> 0 | U11: =T11/T27 -> #DIV/0! | V11: =SUM(P11,R11,T11) -> 0 | W11: =V11/V$27 -> #DIV/0! | X11: =SUM(X7:X10) -> 0 | Y11: =X11/X27 -> #DIV/0! | Z11: =SUM(Z7:Z10) -> 0 | AA11: =Z11/Z27 -> #DIV/0! | AB11: =SUM(AB7:AB10) -> 0 | AC11: =AB11/AB27 -> #DIV/0! | AD11: =SUM(X11,Z11,AB11) -> 0 | AE11: =AD11/AD$27 -> #DIV/0! | AF11: =SUM(AF7:AF10) -> 0 | AG11: =AF11/AF27 -> #DIV/0! | AH11: =SUM(AH7:AH10) -> 0 | AI11: =AH11/AH27 -> #DIV/0! | AJ11: =SUM(AJ7:AJ10) -> 0 | AK11: =AJ11/AJ27 -> #DIV/0! | AL11: =SUM(AF11,AH11,AJ11) -> 0 | AM11: =AL11/AL$27 -> #DIV/0! | AN11: =SUM(AN7:AN10) -> 90894014
F12: 인천세종병원 | G12: 일반세탁물 | H12: 29669531 | I12: =H12/H$27 -> 0.34975713 | J12: 25419534 | K12: =J12/J$27 -> 0.34461266 | L12: 29658333 | M12: =L12/L$27 -> 0.2917405 | N12: =SUM(H12,J12,L12) -> 84747398 | O12: =N12/$N$27 -> 0.32563647 | Q12: =P12/$P$27 -> #DIV/0! | S12: =R12/$R$27 -> #DIV/0! | U12: =T12/$T$27 -> #DIV/0! | V12: =SUM(P12,R12,T12) -> 0 | W12: =V12/V$27 -> #DIV/0! | Y12: =X12/X$27 -> #DIV/0! | AA12: =Z12/Z$27 -> #DIV/0! | AC12: =AB12/AB$27 -> #DIV/0! | AD12: =SUM(X12,Z12,AB12) -> 0 | AE12: =AD12/AD$27 -> #DIV/0! | AG12: =AF12/AF$27 -> #DIV/0! | AI12: =AH12/AH$27 -> #DIV/0! | AK12: =AJ12/AJ$27 -> #DIV/0! | AL12: =SUM(AF12,AH12,AJ12) -> 0 | AM12: =AL12/AL$27 -> #DIV/0! | AN12: =SUM(AD12,V12,N12,AL12) -> 84747398
G13: 렌탈가운_멸균 | H13: 6107400 | I13: =H13/H$27 -> 0.071996645 | J13: 4760100 | K13: =J13/J$27 -> 0.064532682 | L13: 5524200 | M13: =L13/L$27 -> 0.054339969 | N13: =SUM(H13,J13,L13) -> 16391700 | O13: =N13/$N$27 -> 0.062984062 | Q13: =P13/$P$27 -> #DIV/0! | S13: =R13/$R$27 -> #DIV/0! | U13: =T13/$T$27 -> #DIV/0! | V13: =SUM(P13,R13,T13) -> 0 | W13: =V13/V$27 -> #DIV/0! | Y13: =X13/X$27 -> #DIV/0! | AA13: =Z13/Z$27 -> #DIV/0! | AC13: =AB13/AB$27 -> #DIV/0! | AD13: =SUM(X13,Z13,AB13) -> 0 | AE13: =AD13/AD$27 -> #DIV/0! | AG13: =AF13/AF$27 -> #DIV/0! | AI13: =AH13/AH$27 -> #DIV/0! | AK13: =AJ13/AJ$27 -> #DIV/0! | AL13: =SUM(AF13,AH13,AJ13) -> 0 | AM13: =AL13/AL$27 -> #DIV/0! | AN13: =SUM(N13+V13+AD13+AL13) -> 16391700
G14: 렌탈가운_비멸균 | H14: 926592 | I14: =H14/H$27 -> 0.010923063 | J14: 842727 | K14: =J14/J$27 -> 0.011424851 | L14: 857045 | M14: =L14/L$27 -> 0.0084305055 | N14: =SUM(H14,J14,L14) -> 2626364 | O14: =N14/$N$27 -> 0.010091636 | Q14: =P14/$P$27 -> #DIV/0! | S14: =R14/$R$27 -> #DIV/0! | U14: =T14/$T$27 -> #DIV/0! | V14: =SUM(P14,R14,T14) -> 0 | W14: =V14/V$27 -> #DIV/0! | Y14: =X14/X$27 -> #DIV/0! | AA14: =Z14/Z$27 -> #DIV/0! | AC14: =AB14/AB$27 -> #DIV/0! | AD14: =SUM(X14,Z14,AB14) -> 0 | AE14: =AD14/AD$27 -> #DIV/0! | AG14: =AF14/AF$27 -> #DIV/0! | AI14: =AH14/AH$27 -> #DIV/0! | AK14: =AJ14/AJ$27 -> #DIV/0! | AL14: =SUM(AF14,AH14,AJ14) -> 0 | AM14: =AL14/AL$27 -> #DIV/0! | AN14: =SUM(N14+V14+AD14+AL14) -> 2626364
G15: 렌탈 멸균 프로텍트커버 | H15: 0 | I15: =H15/H$27 -> 0 | J15: 0 | K15: =J15/J$27 -> 0 | L15: 0 | M15: =L15/L$27 -> 0 | N15: =SUM(H15,J15,L15) -> 0 | O15: =N15/$N$27 -> 0 | Q15: =P15/$P$27 -> #DIV/0! | S15: =R15/$R$27 -> #DIV/0! | U15: =T15/$T$27 -> #DIV/0! | V15: =SUM(P15,R15,T15) -> 0 | W15: =V15/V$27 -> #DIV/0! | Y15: =X15/X$27 -> #DIV/0! | AA15: =Z15/Z$27 -> #DIV/0! | AC15: =AB15/AB$27 -> #DIV/0! | AD15: =SUM(X15,Z15,AB15) -> 0 | AE15: =AD15/AD$27 -> #DIV/0! | AG15: =AF15/AF$27 -> #DIV/0! | AI15: =AH15/AH$27 -> #DIV/0! | AK15: =AJ15/AJ$27 -> #DIV/0! | AL15: =SUM(AF15,AH15,AJ15) -> 0 | AM15: =AL15/AL$27 -> #DIV/0! | AN15: =SUM(N15+V15+AD15+AL15) -> 0
G16: 인천세종병원 매출 합계 | H16: =SUM(H12:H15) -> 36703523 | I16: =H16/H$27 -> 0.43267684 | J16: =SUM(J12:J15) -> 31022361 | K16: =J16/J$27 -> 0.42057019 | L16: =SUM(L12:L15) -> 36039578 | M16: =L16/L$27 -> 0.35451098 | N16: =SUM(H16,J16,L16) -> 103765462 | O16: =N16/$N$27 -> 0.39871217 | P16: =SUM(P12:P15) -> 0 | Q16: =P16/$P$27 -> #DIV/0! | R16: =SUM(R12:R15) -> 0 | S16: =R16/$R$27 -> #DIV/0! | T16: =SUM(T12:T15) -> 0 | U16: =T16/$T$27 -> #DIV/0! | V16: =SUM(P16,R16,T16) -> 0 | W16: =V16/V$27 -> #DIV/0! | X16: =SUM(X12:X15) -> 0 | Y16: =X16/X27 -> #DIV/0! | Z16: =SUM(Z12:Z15) -> 0 | AA16: =Z16/Z27 -> #DIV/0! | AB16: =SUM(AB12:AB15) -> 0 | AC16: =AB16/AB27 -> #DIV/0! | AD16: =SUM(X16,Z16,AB16) -> 0 | AE16: =AD16/AD$27 -> #DIV/0! | AF16: =SUM(AF12:AF15) -> 0 | AG16: =AF16/AF27 -> #DIV/0! | AH16: =SUM(AH12:AH15) -> 0 | AI16: =AH16/AH27 -> #DIV/0! | AJ16: =SUM(AJ12:AJ15) -> 0 | AK16: =AJ16/AJ27 -> #DIV/0! | AL16: =SUM(AF16,AH16,AJ16) -> 0 | AM16: =AL16/AL$27 -> #DIV/0! | AN16: =SUM(AN12:AN15) -> 103765462
F17: 메디탁 | G17: 일반세탁물(허균) | H17: 1500000 | I17: =H17/H$27 -> 0.017682642 | J17: 1500000 | K17: =J17/J$27 -> 0.020335502 | L17: 0 | M17: =L17/L$27 -> 0 | N17: =SUM(H17,J17,L17) -> 3000000 | O17: =N17/N$27 -> 0.011527309 | P17: 0 | Q17: =P17/P$27 -> #DIV/0! | R17: 0 | S17: =R17/R$27 -> #DIV/0! | T17: 0 | U17: =T17/T$27 -> #DIV/0! | V17: =SUM(P17,R17,T17) -> 0 | W17: =V17/V$27 -> #DIV/0! | X17: 0 | Y17: =X17/X$27 -> #DIV/0! | Z17: 0 | AA17: =Z17/Z$27 -> #DIV/0! | AB17: 0 | AC17: =AB17/AB$27 -> #DIV/0! | AD17: =SUM(X17,Z17,AB17) -> 0 | AE17: =AD17/AD$27 -> #DIV/0! | AF17: 0 | AG17: =AF17/AF$27 -> #DIV/0! | AH17: 0 | AI17: =AH17/AH$27 -> #DIV/0! | AJ17: 0 | AK17: =AJ17/AJ$27 -> #DIV/0! | AL17: =SUM(AF17,AH17,AJ17) -> 0 | AM17: =AL17/AL$27 -> #DIV/0! | AN17: =SUM(N17+V17+AD17+AL17) -> 3000000
G18: 일반세탁물(나움) | H18: 880000 | I18: =H18/H$27 -> 0.010373817 | J18: 880000 | K18: =J18/J$27 -> 0.011930161 | L18: 0 | M18: =L18/L$27 -> 0 | N18: =SUM(H18,J18,L18) -> 1760000 | O18: =N18/N$27 -> 0.0067626878 | P18: 0 | Q18: =P18/P$27 -> #DIV/0! | R18: 0 | S18: =R18/R$27 -> #DIV/0! | T18: 0 | U18: =T18/T$27 -> #DIV/0! | V18: =SUM(P18,R18,T18) -> 0 | W18: =V18/V$27 -> #DIV/0! | X18: 0 | Y18: =X18/X$27 -> #DIV/0! | Z18: 0 | AA18: =Z18/Z$27 -> #DIV/0! | AB18: 0 | AC18: =AB18/AB$27 -> #DIV/0! | AD18: =SUM(X18,Z18,AB18) -> 0 | AE18: =AD18/AD$27 -> #DIV/0! | AF18: 0 | AG18: =AF18/AF$27 -> #DIV/0! | AH18: 0 | AI18: =AH18/AH$27 -> #DIV/0! | AJ18: 0 | AK18: =AJ18/AJ$27 -> #DIV/0! | AL18: =SUM(AF18,AH18,AJ18) -> 0 | AM18: =AL18/AL$27 -> #DIV/0! | AN18: =SUM(N18+V18+AD18+AL18) -> 1760000
G19: 일반세탁물(강서바른) | H19: 1745455 | I19: =H19/H$27 -> 0.02057617 | J19: 1745454.4 | K19: =J19/J$27 -> 0.023663128 | L19: 0 | M19: =L19/L$27 -> 0 | N19: =SUM(H19,J19,L19) -> 3490909.4 | O19: =N19/N$27 -> 0.013413597 | P19: 0 | Q19: =P19/P$27 -> #DIV/0! | R19: 0 | S19: =R19/R$27 -> #DIV/0! | T19: 0 | U19: =T19/T$27 -> #DIV/0! | V19: =SUM(P19,R19,T19) -> 0 | W19: =V19/V$27 -> #DIV/0! | X19: 0 | Y19: =X19/X$27 -> #DIV/0! | Z19: 0 | AA19: =Z19/Z$27 -> #DIV/0! | AB19: 0 | AC19: =AB19/AB$27 -> #DIV/0! | AD19: =SUM(X19,Z19,AB19) -> 0 | AE19: =AD19/AD$27 -> #DIV/0! | AF19: 0 | AG19: =AF19/AF$27 -> #DIV/0! | AH19: 0 | AI19: =AH19/AH$27 -> #DIV/0! | AJ19: 0 | AK19: =AJ19/AJ$27 -> #DIV/0! | AL19: =SUM(AF19,AH19,AJ19) -> 0 | AM19: =AL19/AL$27 -> #DIV/0! | AN19: =SUM(N19+V19+AD19+AL19) -> 3490909.4
G20: 메디탁 매출 합계 | H20: =SUM(H17:H19) -> 4125455 | I20: =H20/H$27 -> 0.048632629 | J20: =SUM(J17:J19) -> 4125454.4 | K20: =J20/J$27 -> 0.055928791 | L20: =SUM(L17:L19) -> 0 | M20: =L20/L$27 -> 0 | N20: =SUM(H20,J20,L20) -> 8250909.4 | O20: =N20/N$27 -> 0.031703593 | P20: =SUM(P17:P19) -> 0 | Q20: =P$20/P$27 -> #DIV/0! | R20: =SUM(R17:R19) -> 0 | S20: =R$20/R$27 -> #DIV/0! | T20: =SUM(T17:T19) -> 0 | U20: =T$20/T$27 -> #DIV/0! | V20: =SUM(P20,R20,T20) -> 0 | X20: =SUM(X17:X19) -> 0 | Y20: =X$20/X$27 -> #DIV/0! | Z20: =SUM(Z17:Z19) -> 0 | AA20: =Z$20/Z$27 -> #DIV/0! | AB20: =SUM(AB17:AB19) -> 0 | AC20: =AB$20/AB$27 -> #DIV/0! | AD20: =SUM(X20,Z20,AB20) -> 0 | AF20: =SUM(AF17:AF19) -> 0 | AG20: =AF$20/AF$27 -> #DIV/0! | AH20: =SUM(AH17:AH19) -> 0 | AI20: =AH$20/AH$27 -> #DIV/0! | AJ20: =SUM(AJ17:AJ19) -> 0 | AK20: =AJ$20/AJ$27 -> #DIV/0! | AL20: =SUM(AF20,AH20,AJ20) -> 0 | AN20: =SUM(AN17:AN19) -> 8250909.4
F21: 파주병원 | G21: 일반세탁물 | H21: 11884151 | I21: =H21/H$27 -> 0.14009546 | J21: 10213913 | K21: =J21/J$27 -> 0.13847003 | L21: 11649696 | M21: =L21/L$27 -> 0.11459471 | N21: =SUM(H21,J21,L21) -> 33747760 | O21: =N21/N$27 -> 0.12967362 | Q21: =P21/P$27 -> #DIV/0! | S21: =R21/R$27 -> #DIV/0! | U21: =T21/T$27 -> #DIV/0! | V21: =SUM(P21,R21,T21) -> 0 | W21: =V21/V$27 -> #DIV/0! | Y21: =X21/X$27 -> #DIV/0! | AA21: =Z21/Z$27 -> #DIV/0! | AC21: =AB21/AB$27 -> #DIV/0! | AD21: =SUM(X21,Z21,AB21) -> 0 | AE21: =AD21/AD$27 -> #DIV/0! | AG21: =AF21/AF$27 -> #DIV/0! | AI21: =AH21/AH$27 -> #DIV/0! | AK21: =AJ21/AJ$27 -> #DIV/0! | AL21: =SUM(AF21,AH21,AJ21) -> 0 | AM21: =AL21/AL$27 -> #DIV/0! | AN21: =SUM(N21+V21+AD21+AL21) -> 33747760
G22: 파주병원 매출 합계 | H22: =SUM(H21) -> 11884151 | I22: =H22/H$27 -> 0.14009546 | J22: =SUM(J21) -> 10213913 | K22: =J22/J$27 -> 0.13847003 | L22: =SUM(L21) -> 11649696 | M22: =L22/L$27 -> 0.11459471 | N22: =SUM(H22,J22,L22) -> 33747760 | O22: =N22/N$27 -> 0.12967362 | P22: =SUM(P21) -> 0 | Q22: =P$20/P$27 -> #DIV/0! | R22: =SUM(R21) -> 0 | S22: =R$20/R$27 -> #DIV/0! | T22: =SUM(T21) -> 0 | U22: =T$20/T$27 -> #DIV/0! | V22: =SUM(P22,R22,T22) -> 0 | X22: =SUM(X21) -> 0 | Y22: =X$20/X$27 -> #DIV/0! | Z22: =SUM(Z21) -> 0 | AA22: =Z$20/Z$27 -> #DIV/0! | AB22: =SUM(AB21) -> 0 | AC22: =AB$20/AB$27 -> #DIV/0! | AD22: =SUM(X22,Z22,AB22) -> 0 | AF22: =SUM(AF21) -> 0 | AG22: =AF$20/AF$27 -> #DIV/0! | AH22: =SUM(AH21) -> 0 | AI22: =AH$20/AH$27 -> #DIV/0! | AJ22: =SUM(AJ21) -> 0 | AK22: =AJ$20/AJ$27 -> #DIV/0! | AL22: =SUM(AF22,AH22,AJ22) -> 0 | AN22: =SUM(AN21) -> 33747760
F23: 일산중심재활병원 | G23: 일반세탁물 | H23: 0 | I23: =H23/H$27 -> 0 | J23: 490909 | K23: =J23/J$27 -> 0.006655254 | L23: =4818182+490909 -> 5309091 | M23: =L23/L$27 -> 0.052224004 | N23: =SUM(H23,J23,L23) -> 5800000 | O23: =N23/N$27 -> 0.02228613 | Q23: =P23/P$27 -> #DIV/0! | S23: =R23/R$27 -> #DIV/0! | U23: =T23/T$27 -> #DIV/0! | V23: =SUM(P23,R23,T23) -> 0 | W23: =V23/V$27 -> #DIV/0! | Y23: =X23/X$27 -> #DIV/0! | AA23: =Z23/Z$27 -> #DIV/0! | AC23: =AB23/AB$27 -> #DIV/0! | AD23: =SUM(X23,Z23,AB23) -> 0 | AE23: =AD23/AD$27 -> #DIV/0! | AG23: =AF23/AF$27 -> #DIV/0! | AI23: =AH23/AH$27 -> #DIV/0! | AK23: =AJ23/AJ$27 -> #DIV/0! | AL23: =SUM(AF23,AH23,AJ23) -> 0 | AM23: =AL23/AL$27 -> #DIV/0! | AN23: =SUM(N23+V23+AD23+AL23) -> 5800000
G24: 일산중심재활병원 매출 합계 | H24: =SUM(H23) -> 0 | I24: =H24/H$27 -> 0 | J24: =SUM(J23) -> 490909 | K24: =J24/J$27 -> 0.006655254 | L24: =SUM(L23) -> 5309091 | M24: =L24/L$27 -> 0.052224004 | N24: =SUM(H24,J24,L24) -> 5800000 | O24: =N24/N$27 -> 0.02228613 | P24: =SUM(P23) -> 0 | Q24: =P$20/P$27 -> #DIV/0! | R24: =SUM(R23) -> 0 | S24: =R$20/R$27 -> #DIV/0! | T24: =SUM(T23) -> 0 | U24: =T$20/T$27 -> #DIV/0! | V24: =SUM(P24,R24,T24) -> 0 | X24: =SUM(X23) -> 0 | Y24: =X$20/X$27 -> #DIV/0! | Z24: =SUM(Z23) -> 0 | AA24: =Z$20/Z$27 -> #DIV/0! | AB24: =SUM(AB23) -> 0 | AC24: =AB$20/AB$27 -> #DIV/0! | AD24: =SUM(X24,Z24,AB24) -> 0 | AF24: =SUM(AF23) -> 0 | AG24: =AF$20/AF$27 -> #DIV/0! | AH24: =SUM(AH23) -> 0 | AI24: =AH$20/AH$27 -> #DIV/0! | AJ24: =SUM(AJ23) -> 0 | AK24: =AJ$20/AJ$27 -> #DIV/0! | AL24: =SUM(AF24,AH24,AJ24) -> 0 | AN24: =SUM(AN23) -> 5800000
F25: 뉴고려병원 | G25: 일반세탁물 | H25: 0 | I25: =H25/H$27 -> 0 | J25: 0 | K25: =J25/J$27 -> 0 | L25: 17793409 | M25: =L25/L$27 -> 0.17502865 | N25: =SUM(H25,J25,L25) -> 17793409 | O25: =N25/N$27 -> 0.068370039 | Q25: =P25/P$27 -> #DIV/0! | S25: =R25/R$27 -> #DIV/0! | U25: =T25/T$27 -> #DIV/0! | V25: =SUM(P25,R25,T25) -> 0 | W25: =V25/V$27 -> #DIV/0! | Y25: =X25/X$27 -> #DIV/0! | AA25: =Z25/Z$27 -> #DIV/0! | AC25: =AB25/AB$27 -> #DIV/0! | AD25: =SUM(X25,Z25,AB25) -> 0 | AE25: =AD25/AD$27 -> #DIV/0! | AG25: =AF25/AF$27 -> #DIV/0! | AI25: =AH25/AH$27 -> #DIV/0! | AK25: =AJ25/AJ$27 -> #DIV/0! | AL25: =SUM(AF25,AH25,AJ25) -> 0 | AM25: =AL25/AL$27 -> #DIV/0! | AN25: =SUM(N25+V25+AD25+AL25) -> 17793409
G26: 뉴고려병원 매출 합계 | H26: =SUM(H25) -> 0 | I26: =H26/H$27 -> 0 | J26: =SUM(J25) -> 0 | K26: =J26/J$27 -> 0 | L26: =SUM(L25) -> 17793409 | M26: =L26/L$27 -> 0.17502865 | N26: =SUM(H26,J26,L26) -> 17793409 | O26: =N26/N$27 -> 0.068370039 | P26: =SUM(P25) -> 0 | Q26: =P$20/P$27 -> #DIV/0! | R26: =SUM(R25) -> 0 | S26: =R$20/R$27 -> #DIV/0! | T26: =SUM(T25) -> 0 | U26: =T$20/T$27 -> #DIV/0! | V26: =SUM(P26,R26,T26) -> 0 | X26: =SUM(X25) -> 0 | Y26: =X$20/X$27 -> #DIV/0! | Z26: =SUM(Z25) -> 0 | AA26: =Z$20/Z$27 -> #DIV/0! | AB26: =SUM(AB25) -> 0 | AC26: =AB$20/AB$27 -> #DIV/0! | AD26: =SUM(X26,Z26,AB26) -> 0 | AF26: =SUM(AF25) -> 0 | AG26: =AF$20/AF$27 -> #DIV/0! | AH26: =SUM(AH25) -> 0 | AI26: =AH$20/AH$27 -> #DIV/0! | AJ26: =SUM(AJ25) -> 0 | AK26: =AJ$20/AJ$27 -> #DIV/0! | AL26: =SUM(AF26,AH26,AJ26) -> 0 | AN26: =SUM(AN25) -> 17793409
B27: 스테리케어 매출 합계액 (부가세 별도가 기준) | H27: =H16+H11+H20+H22+H24+H26 -> 84828953 | I27: =I16+I11+I20+I22+I24+I26 -> 1 | J27: =J16+J11+J20+J22+J24+J26 -> 73762624 | K27: =K16+K11+K20+K22+K24+K26 -> 1 | L27: =L16+L11+L20+L22+L24+L26 -> 101659977 | M27: =M16+M11+M20+M22+M24+M26 -> 1 | N27: =SUM(H27,J27,L27) -> 2.6025155e+08 | O27: =O16+O11+O20+O22+O24+O26 -> 1 | P27: =P16+P11+P20+P22+P24+P26 -> 0 | Q27: =Q16+Q11+Q20+Q22+Q24+Q26 -> #DIV/0! | R27: =R16+R11+R20+R22+R24+R26 -> 0 | S27: =S16+S11+S20+S22+S24+S26 -> #DIV/0! | T27: =T16+T11+T20+T22+T24+T26 -> 0 | U27: =U16+U11+U20+U22+U24+U26 -> #DIV/0! | V27: =SUM(P27,R27,T27) -> 0 | W27: =W16+W11+W20+W22+W24+W26 -> #DIV/0! | X27: =X16+X11+X20+X22+X24+X26 -> 0 | Y27: =Y16+Y11+Y20+Y22+Y24+Y26 -> #DIV/0! | Z27: =Z16+Z11+Z20+Z22+Z24+Z26 -> 0 | AA27: =AA16+AA11+AA20+AA22+AA24+AA26 -> #DIV/0! | AB27: =AB16+AB11+AB20+AB22+AB24+AB26 -> 0 | AC27: =AC16+AC11+AC20+AC22+AC24+AC26 -> #DIV/0! | AD27: =SUM(X27,Z27,AB27) -> 0 | AE27: =AE16+AE11+AE20+AE22+AE24+AE26 -> #DIV/0! | AF27: =AF16+AF11+AF20+AF22+AF24+AF26 -> 0 | AG27: =AG16+AG11+AG20+AG22+AG24+AG26 -> #DIV/0! | AH27: =AH16+AH11+AH20+AH22+AH24+AH26 -> 0 | AI27: =AI16+AI11+AI20+AI22+AI24+AI26 -> #DIV/0! | AJ27: =AJ16+AJ11+AJ20+AJ22+AJ24+AJ26 -> 0 | AK27: =AK16+AK11+AK20+AK22+AK24+AK26 -> #DIV/0! | AL27: =SUM(AF27,AH27,AJ27) -> 0 | AM27: =AM16+AM11+AM20+AM22+AM24+AM26 -> #DIV/0! | AN27: =AN16+AN11+AN20+AN22+AN24+AN26 -> 2.6025155e+08
C28: 노무비 | D28: 상시근로자 | E28: 직원급여 | F28: 전계룡 | G28: 스테리케어 총괄 이사 (9/23 입사) | H28: 4166660 | J28: 4166660 | L28: 4166660 | N28: =SUM(H28,J28,L28) -> 12499980 | V28: =SUM(P28,R28,T28) -> 0 | AD28: =SUM(X28,Z28,AB28) -> 0 | AL28: =SUM(AF28,AH28,AJ28) -> 0 | AN28: =SUM(AD28,V28,N28,AL28) -> 12499980
E29: 직원급여 | F29: 박우생 | G29: 생산총괄팀장 | H29: 5000000 | J29: 5000000 | L29: 5198090 | N29: =SUM(H29,J29,L29) -> 15198090 | V29: =SUM(P29,R29,T29) -> 0 | AD29: =SUM(X29,Z29,AB29) -> 0 | AL29: =SUM(AF29,AH29,AJ29) -> 0 | AN29: =SUM(AD29,V29,N29,AL29) -> 15198090
E30: 직원급여 | F30: 권혁 | G30: 24.06.17 입사 (중간관리자) | H30: 3416660 | J30: 3416660 | L30: 3536740 | N30: =SUM(H30,J30,L30) -> 10370060 | V30: =SUM(P30,R30,T30) -> 0 | AD30: =SUM(X30,Z30,AB30) -> 0 | AL30: =SUM(AF30,AH30,AJ30) -> 0 | AN30: =SUM(AD30,V30,N30,AL30) -> 10370060
E31: 직원급여 | F31: 김하나 | G31: 정리포장 주임 (5/06 입사) | H31: 3450000 | J31: 3450000 | L31: 3550620 | N31: =SUM(H31,J31,L31) -> 10450620 | V31: =SUM(P31,R31,T31) -> 0 | AD31: =SUM(X31,Z31,AB31) -> 0 | AL31: =SUM(AF31,AH31,AJ31) -> 0 | AN31: =SUM(AD31,V31,N31,AL31) -> 10450620
E32: 직원급여 | F32: 김계순 | G32: 23.06.15 입사 (멸균실 정리포장) | H32: 2489700 | J32: 2551620 | L32: 2559360 | N32: =SUM(H32,J32,L32) -> 7600680 | V32: =SUM(P32,R32,T32) -> 0 | AD32: =SUM(X32,Z32,AB32) -> 0 | AL32: =SUM(AF32,AH32,AJ32) -> 0 | AN32: =SUM(AD32,V32,N32,AL32) -> 7600680
E33: 직원급여 | F33: 박정란 | G33: 멸균실 정리포장 (중국) H2 | H33: 2427780 | J33: 2551620 | L33: 2435520 | N33: =SUM(H33,J33,L33) -> 7414920 | V33: =SUM(P33,R33,T33) -> 0 | AD33: =SUM(X33,Z33,AB33) -> 0 | AL33: =SUM(AF33,AH33,AJ33) -> 0 | AN33: =SUM(AD33,V33,N33,AL33) -> 7414920
E34: 직원급여 | F34: 고호성 | G34: 24.10.29 입사 (정리포장) | H34: 2427780 | J34: 2543880 | L34: 2342640 | N34: =SUM(H34,J34,L34) -> 7314300 | V34: =SUM(P34,R34,T34) -> 0 | AD34: =SUM(X34,Z34,AB34) -> 0 | AL34: =SUM(AF34,AH34,AJ34) -> 0 | AN34: =SUM(AD34,V34,N34,AL34) -> 7314300
E35: 직원급여 | F35: 강낙순 | G35: 25.05.02 입사 (정리포장) | H35: 2303940 | J35: 2543880 | L35: 2288460 | N35: =SUM(H35,J35,L35) -> 7136280 | V35: =SUM(P35,R35,T35) -> 0 | AD35: =SUM(X35,Z35,AB35) -> 0 | AL35: =SUM(AF35,AH35,AJ35) -> 0 | AN35: =SUM(AD35,V35,N35,AL35) -> 7136280
E36: 직원급여 | F36: 수실 | G36: 25.05.19 입사 | H36: 3500000 | J36: 2767080 | L36: 2648380 | N36: =SUM(H36,J36,L36) -> 8915460 | V36: =SUM(P36,R36,T36) -> 0 | AD36: =SUM(X36,Z36,AB36) -> 0 | AL36: =SUM(AF36,AH36,AJ36) -> 0 | AN36: =SUM(AD36,V36,N36,AL36) -> 8915460
E37: 직원급여 | F37: 다라_BHATTA TARA | G37: 25.10.20 입사 (포장) G1 > 25.11.14(체류자격활동허가 처리후 서류상 입사일) | H37: 2839700 | J37: 2543880 | L37: 2412300 | N37: =SUM(H37,J37,L37) -> 7795880 | V37: =SUM(P37,R37,T37) -> 0 | AD37: =SUM(X37,Z37,AB37) -> 0 | AL37: =SUM(AF37,AH37,AJ37) -> 0 | AN37: =SUM(AD37,V37,N37,AL37) -> 7795880
E38: 직원급여 | F38: 바크누아_SALYKBAYEV BAKNUR | G38: 25.10.27 입사 (건조) G1 > 25.12.11 (체류자격활동허가 처리후 서류상 입사일) | H38: 2700000 | J38: 2829000 | L38: 2700000 | N38: =SUM(H38,J38,L38) -> 8229000 | V38: =SUM(P38,R38,T38) -> 0 | AD38: =SUM(X38,Z38,AB38) -> 0 | AL38: =SUM(AF38,AH38,AJ38) -> 0 | AN38: =SUM(AD38,V38,N38,AL38) -> 8229000
E39: 직원급여 | F39: 린(캠남)_LE THI CAM NHO | G39: 25.11.06 입사 (다리미) F4 | H39: 2700000 | J39: 544920 | L39: 2053440 | N39: =SUM(H39,J39,L39) -> 5298360 | V39: =SUM(P39,R39,T39) -> 0 | AD39: =SUM(X39,Z39,AB39) -> 0 | AL39: =SUM(AF39,AH39,AJ39) -> 0 | AN39: =SUM(AD39,V39,N39,AL39) -> 5298360
E40: 직원급여 | F40: 김찬식 | G40: 25.12.01 입사 (건조) | H40: 2420040 | J40: 3500000 | L40: 3577400 | N40: =SUM(H40,J40,L40) -> 9497440 | V40: =SUM(P40,R40,T40) -> 0 | AD40: =SUM(X40,Z40,AB40) -> 0 | AL40: =SUM(AF40,AH40,AJ40) -> 0 | AN40: =SUM(AD40,V40,N40,AL40) -> 9497440
E41: 직원급여 | F41: 라나_EM SVETLANA | G41: 2025.12.29 입사 (정리포장) | H41: 2489700 | J41: 2543880 | L41: 2435520 | N41: =SUM(H41,J41,L41) -> 7469100 | V41: =SUM(P41,R41,T41) -> 0 | AD41: =SUM(X41,Z41,AB41) -> 0 | AL41: =SUM(AF41,AH41,AJ41) -> 0 | AN41: =SUM(AD41,V41,N41,AL41) -> 7469100
E42: 직원급여 | F42: 안춘일_AN CHUNRI | G42: 2026.01.26 입사 (세탁건조) | H42: 483870.97 | J42: 1696430 | N42: =SUM(H42,J42,L42) -> 2180301 | V42: =SUM(P42,R42,T42) -> 0 | AD42: =SUM(X42,Z42,AB42) -> 0 | AL42: =SUM(AF42,AH42,AJ42) -> 0 | AN42: =SUM(AD42,V42,N42,AL42) -> 2180301
E43: 직원급여 | F43: 칸 미카일_KHAN MIKHAIL | G43: 2026.02.20 입사 (세탁건조) | H43: 0 | J43: 867850 | L43: 802250 | N43: =SUM(H43,J43,L43) -> 1670100 | V43: =SUM(P43,R43,T43) -> 0 | AD43: =SUM(X43,Z43,AB43) -> 0 | AL43: =SUM(AF43,AH43,AJ43) -> 0 | AN43: =SUM(AD43,V43,N43,AL43) -> 1670100
E44: 직원급여 | F44: 원티미안 | G44: 2026.03.04 입사 (정리포장) | H44: 0 | J44: 0 | L44: 2133990 | N44: =SUM(H44,J44,L44) -> 2133990 | AN44: =SUM(AD44,V44,N44,AL44) -> 2133990
E45: 직원급여 | F45: 특이사항 | G45: 잔여연차수당/중도퇴사자 연차수당 | H45: 6952007 | J45: 0 | L45: 0 | N45: =SUM(H45,J45,L45) -> 6952007 | V45: =SUM(P45,R45,T45) -> 0 | AD45: =SUM(X45,Z45,AB45) -> 0 | AL45: =SUM(AF45,AH45,AJ45) -> 0 | AN45: =SUM(N45+V45+AD45+AL45) -> 6952007
E46: 직원급여 | F46: 압둘라_MUHAMMAD | G46: 25.01.10 입사 (25.08.08 퇴사) (분류) (불법체류자) | H46: 3000000 | J46: 3000000 | L46: 3000000 | N46: =SUM(H46,J46,L46) -> 9000000 | V46: =SUM(P46,R46,T46) -> 0 | AD46: =SUM(X46,Z46,AB46) -> 0 | AL46: =SUM(AF46,AH46,AJ46) -> 0 | AN46: =SUM(AD46,V46,N46,AL46) -> 9000000
E47: 직원급여 | F47: 아산카_NUWARAPAKSHA GED-ARA ASANK | G47: 2026.01.26 입사 (세탁건조) | L47: 2380640 | N47: =SUM(H47,J47,L47) -> 2380640 | AN47: =SUM(AD47,V47,N47,AL47) -> 2380640
E48: 직원급여 | F48: 단기근무자 | G48: 일용직 미신고 | H48: 0 | J48: 123840 | L48: 0 | N48: =SUM(H48,J48,L48) -> 123840 | V48: =SUM(P48,R48,T48) -> 0 | AD48: =SUM(X48,Z48,AB48) -> 0 | AL48: =SUM(AF48,AH48,AJ48) -> 0 | AN48: =SUM(N48+V48+AD48+AL48) -> 123840
E49: 지급수수료 | F49: 압둘라 포함 미신고 | G49: 지급수수료 처리분 | H49: =H48+H46 -> 3000000 | J49: =J48+J46 -> 3123840 | L49: =L48+L47+L46 -> 5380640 | N49: =SUM(H49,J49,L49) -> 11504480 | V49: =SUM(P49,R49,T49) -> 0 | AD49: =SUM(X49,Z49,AB49) -> 0 | AL49: =SUM(AF49,AH49,AJ49) -> 0 | AN49: =SUM(N49+V49+AD49+AL49) -> 11504480 | AP49: 지급수수료 처리
D50: 직원급여 (미신고 포함 총 급여) = 실제 산정합계 | H50: =SUM(H28:H48) -> 52767838 | J50: =SUM(J28:J48) -> 46641200 | L50: =SUM(L28:L48) -> 50222010 | N50: =SUM(H50,J50,L50) -> 1.4963105e+08 | P50: =SUM(P28:P48) -> 0 | R50: =SUM(R28:R48) -> 0 | T50: =SUM(T28:T48) -> 0 | V50: =SUM(P50,R50,T50) -> 0 | X50: =SUM(X28:X48) -> 0 | Z50: =SUM(Z28:Z48) -> 0 | AB50: =SUM(AB28:AB48) -> 0 | AD50: =SUM(X50,Z50,AB50) -> 0 | AF50: =SUM(AF28:AF48) -> 0 | AH50: =SUM(AH28:AH48) -> 0 | AJ50: =SUM(AJ28:AJ48) -> 0 | AL50: =SUM(AF50,AH50,AJ50) -> 0 | AN50: =SUM(N50+V50+AD50+AL50) -> 1.4963105e+08
D51: 직원급여 (미신고 제외 총 급여) = 회계처리상 합계 | H51: =SUM(H28:H49)-SUM(H46:H48,H49) -> 49767838 | J51: =SUM(J28:J49)-SUM(J46:J48,J49) -> 43517360 | L51: =SUM(L28:L49)-SUM(L46:L48,L49) -> 44841370 | N51: =SUM(H51,J51,L51) -> 1.3812657e+08 | P51: =SUM(P28:P49)-SUM(P46:P48,P49) -> 0 | R51: =SUM(R28:R49)-SUM(R46:R48,R49) -> 0 | T51: =SUM(T28:T49)-SUM(T46:T48,T49) -> 0 | V51: =SUM(P51,R51,T51) -> 0 | X51: =SUM(X28:X49)-SUM(X46:X48,X49) -> 0 | Z51: =SUM(Z28:Z49)-SUM(Z46:Z48,Z49) -> 0 | AB51: =SUM(AB28:AB49)-SUM(AB46:AB48,AB49) -> 0 | AD51: =SUM(X51,Z51,AB51) -> 0 | AF51: =SUM(AF28:AF49)-SUM(AF46:AF48,AF49) -> 0 | AH51: =SUM(AH28:AH49)-SUM(AH46:AH48,AH49) -> 0 | AJ51: =SUM(AJ28:AJ49)-SUM(AJ46:AJ48,AJ49) -> 0 | AL51: =SUM(AF51,AH51,AJ51) -> 0 | AN51: =SUM(N51+V51+AD51+AL51) -> 1.3812657e+08
D52: 외주용역비 | E52: 외주용역비 | F52: 범호개발 | G52: 인천세종 린넨물 이송 업체 | H52: =495000/1.1 -> 450000 | J52: =495000/1.1 -> 450000 | L52: 450000 | N52: =SUM(H52,J52,L52) -> 1350000 | V52: =SUM(P52,R52,T52) -> 0 | AD52: =SUM(X52,Z52,AB52) -> 0 | AL52: =SUM(AF52,AH52,AJ52) -> 0 | AN52: =SUM(N52+V52+AD52+AL52) -> 1350000 | AP52: 부가세 별도
D53: 외주용역비 | E53: 외주용역비 | F53: 플러스건설인력사무소 | G53: 외국인 노동자 (정기파견/비정기)_일 11만원(VAT별도) | H53: 0 | J53: 0 | L53: 1045000 | N53: =SUM(H53,J53,L53) -> 1045000 | AN53: =SUM(N53+V53+AD53+AL53) -> 1045000 | AP53: 부가세 별도
D54: 외주용역비 | E54: 외주용역비 | F54: 굿모닝인력(제외와이건설) | G54: 외국인 노동자 (일당제)_일 11만원(VAT별도) | H54: 110000 | J54: 220000 | L54: 330000 | N54: =SUM(H54,J54,L54) -> 660000 | V54: =SUM(P54,R54,T54) -> 0 | AD54: =SUM(X54,Z54,AB54) -> 0 | AL54: =SUM(AF54,AH54,AJ54) -> 0 | AN54: =SUM(N54+V54+AD54+AL54) -> 660000 | AP54: 부가세 별도
D55: 외주용역비 합계 | H55: =SUM(H52:H54) -> 560000 | J55: =SUM(J52:J54) -> 670000 | L55: =SUM(L52:L54) -> 1825000 | N55: =SUM(H55,J55,L55) -> 3055000 | P55: =SUM(P52:P54) -> 0 | R55: =SUM(R52:R54) -> 0 | T55: =SUM(T52:T54) -> 0 | V55: =SUM(P55,R55,T55) -> 0 | X55: =SUM(X52:X54) -> 0 | Z55: =SUM(Z52:Z54) -> 0 | AB55: =SUM(AB52:AB54) -> 0 | AD55: =SUM(X55,Z55,AB55) -> 0 | AF55: =SUM(AF52:AF54) -> 0 | AH55: =SUM(AH52:AH54) -> 0 | AJ55: =SUM(AJ52:AJ54) -> 0 | AL55: =SUM(AF55,AH55,AJ55) -> 0 | AN55: =SUM(N55+V55+AD55+AL55) -> 3055000
D56: 퇴직연금예치금 | E56: 퇴직연금예치금 | F56: 출국만기보험 | G56: 박정란(H-2) 출국만기보험(퇴직금 개념) | H56: 173900 | J56: 173900 | L56: 173900 | N56: =SUM(H56,J56,L56) -> 521700 | V56: =SUM(P56,R56,T56) -> 0 | AD56: =SUM(X56,Z56,AB56) -> 0 | AL56: =SUM(AF56,AH56,AJ56) -> 0 | AN56: =SUM(N56+V56+AD56+AL56) -> 521700 | AO56: 납부총액
D57: 퇴직연금예치금 합계 | H57: =SUM(H56) -> 173900 | J57: =SUM(J56) -> 173900 | L57: =SUM(L56) -> 173900 | N57: =SUM(H57,J57,L57) -> 521700 | P57: =SUM(P56) -> 0 | R57: =SUM(R56) -> 0 | T57: =SUM(T56) -> 0 | V57: =SUM(P57,R57,T57) -> 0 | X57: =SUM(X56) -> 0 | Z57: =SUM(Z56) -> 0 | AB57: =SUM(AB56) -> 0 | AD57: =SUM(X57,Z57,AB57) -> 0 | AF57: =SUM(AF56) -> 0 | AH57: =SUM(AH56) -> 0 | AJ57: =SUM(AJ56) -> 0 | AL57: =SUM(AF57,AH57,AJ57) -> 0 | AN57: =SUM(N57+V57+AD57+AL57) -> 521700
D58: 잡급 | E58: 잡급 | F58: 일용직 신고 | G58: 일용직 신고 | H58: 0 | J58: =90300+90300+82560+755200+129000 -> 1147360 | L58: 2595480 | N58: =SUM(H58,J58,L58) -> 3742840 | V58: =SUM(P58,R58,T58) -> 0 | AD58: =SUM(X58,Z58,AB58) -> 0 | AL58: =SUM(AF58,AH58,AJ58) -> 0 | AN58: =SUM(N58+V58+AD58+AL58) -> 3742840
D59: 잡급 합계 | H59: =SUM(H58) -> 0 | J59: =SUM(J58) -> 1147360 | L59: =SUM(L58) -> 2595480 | N59: =SUM(H59,J59,L59) -> 3742840 | P59: =SUM(P58) -> 0 | R59: =SUM(R58) -> 0 | T59: =SUM(T58) -> 0 | V59: =SUM(P59,R59,T59) -> 0 | X59: =SUM(X58) -> 0 | Z59: =SUM(Z58) -> 0 | AB59: =SUM(AB58) -> 0 | AD59: =SUM(X59,Z59,AB59) -> 0 | AF59: =SUM(AF58) -> 0 | AH59: =SUM(AH58) -> 0 | AJ59: =SUM(AJ58) -> 0 | AL59: =SUM(AF59,AH59,AJ59) -> 0 | AN59: =SUM(N59+V59+AD59+AL59) -> 3742840
B60: 노무비 합계액 (직원급여+ 그외) | H60: =SUM(H50+H55+H57+H59) -> 53501738 | I60: =H60/H$27 -> 0.63070138 | J60: =SUM(J50+J55+J57+J59) -> 48632460 | K60: =J60/J$27 -> 0.65931033 | L60: =SUM(L50+L55+L57+L59) -> 54816390 | M60: =L60/L$27 -> 0.53921309 | N60: =SUM(H60,J60,L60) -> 1.5695059e+08 | O60: =N60/$N$27 -> 0.60307262 | P60: =SUM(P50+P55+P57+P59) -> 0 | Q60: =P60/P$27 -> #DIV/0! | R60: =SUM(R50+R55+R57+R59) -> 0 | S60: =R60/R$27 -> #DIV/0! | T60: =SUM(T50+T55+T57+T59) -> 0 | U60: =T60/T$27 -> #DIV/0! | V60: =SUM(P60,R60,T60) -> 0 | W60: =V60/$V$27 -> #DIV/0! | X60: =SUM(X50+X55+X57+X59) -> 0 | Y60: =X60/X$27 -> #DIV/0! | Z60: =SUM(Z50+Z55+Z57+Z59) -> 0 | AA60: =Z60/Z$27 -> #DIV/0! | AB60: =SUM(AB50+AB55+AB57+AB59) -> 0 | AC60: =AB60/AB$27 -> #DIV/0! | AD60: =SUM(X60,Z60,AB60) -> 0 | AE60: =AD60/$V$27 -> #DIV/0! | AF60: =SUM(AF50+AF55+AF57+AF59) -> 0 | AG60: =AF60/AF$27 -> #DIV/0! | AH60: =SUM(AH50+AH55+AH57+AH59) -> 0 | AI60: =AH60/AH$27 -> #DIV/0! | AJ60: =SUM(AJ50+AJ55+AJ57+AJ59) -> 0 | AK60: =AJ60/AJ$27 -> #DIV/0! | AL60: =SUM(AF60,AH60,AJ60) -> 0 | AM60: =AL60/$V$27 -> #DIV/0! | AN60: =SUM(N60+V60+AD60+AL60) -> 1.5695059e+08 | AO60: =AN60/AN$27 -> 0.60307262 | AP60: 매출대비 노무비 1 비율(%)
B61: 노무비 합계액 (직원급여+ 그외) = 회계처리상 합계 | H61: =SUM(H51+H55+H57+H59) -> 50501738 | I61: =H61/H$27 -> 0.5953361 | J61: =SUM(J51+J55+J57+J59) -> 45508620 | K61: =J61/J$27 -> 0.61696042 | L61: =SUM(L51+L55+L57+L59) -> 49435750 | M61: =L61/L$27 -> 0.48628528 | N61: =SUM(H61,J61,L61) -> 1.4544611e+08 | O61: =N61/$N$27 -> 0.55886739 | P61: =SUM(P51+P55+P57+P59) -> 0 | Q61: =P61/P$27 -> #DIV/0! | R61: =SUM(R51+R55+R57+R59) -> 0 | S61: =R61/R$27 -> #DIV/0! | T61: =SUM(T51+T55+T57+T59) -> 0 | U61: =T61/T$27 -> #DIV/0! | V61: =SUM(P61,R61,T61) -> 0 | W61: =V61/$V$27 -> #DIV/0! | X61: =SUM(X51+X55+X57+X59) -> 0 | Y61: =X61/X$27 -> #DIV/0! | Z61: =SUM(Z51+Z55+Z57+Z59) -> 0 | AA61: =Z61/Z$27 -> #DIV/0! | AB61: =SUM(AB51+AB55+AB57+AB59) -> 0 | AC61: =AB61/AB$27 -> #DIV/0! | AD61: =SUM(X61,Z61,AB61) -> 0 | AE61: =AD61/$V$27 -> #DIV/0! | AF61: =SUM(AF51+AF55+AF57+AF59) -> 0 | AG61: =AF61/AF$27 -> #DIV/0! | AH61: =SUM(AH51+AH55+AH57+AH59) -> 0 | AI61: =AH61/AH$27 -> #DIV/0! | AJ61: =SUM(AJ51+AJ55+AJ57+AJ59) -> 0 | AK61: =AJ61/AJ$27 -> #DIV/0! | AL61: =SUM(AF61,AH61,AJ61) -> 0 | AM61: =AL61/$V$27 -> #DIV/0! | AN61: =SUM(N61+V61+AD61+AL61) -> 1.4544611e+08 | AO61: =AN61/AN$27 -> 0.55886739 | AP61: 매출대비 노무비 1 비율(%)
C62: 노무비 | D62: 인건비2 | E62: 퇴직급여 | F62: 김계순 | G62: 1년이상 재직자 퇴직금 추계액 (25/12/31기준) | H62: 526169.67 | J62: 526169.67 | L62: 526169.67 | N62: =SUM(H62,J62,L62) -> 1578509 | V62: =SUM(P62,R62,T62) -> 0 | AD62: =SUM(X62,Z62,AB62) -> 0 | AL62: =SUM(AF62,AH62,AJ62) -> 0 | AN62: =SUM(N62+V62+AD62+AL62) -> 1578509
F63: 박우생 | G63: 1년이상 재직자 퇴직금 추계액 (25/12/31기준) | H63: 798611.08 | J63: 798611.08 | L63: 798611.08 | N63: =SUM(H63,J63,L63) -> 2395833.2 | V63: =SUM(P63,R63,T63) -> 0 | AD63: =SUM(X63,Z63,AB63) -> 0 | AL63: =SUM(AF63,AH63,AJ63) -> 0 | AN63: =SUM(N63+V63+AD63+AL63) -> 2395833.2
F64: 권혁 | G64: 1년이상 재직자 퇴직금 추계액 (25/12/31기준) | H64: 492265.25 | J64: 492265.25 | L64: 492265.25 | N64: =SUM(H64,J64,L64) -> 1476795.8 | V64: =SUM(P64,R64,T64) -> 0 | AD64: =SUM(X64,Z64,AB64) -> 0 | AL64: =SUM(AF64,AH64,AJ64) -> 0 | AN64: =SUM(N64+V64+AD64+AL64) -> 1476795.8
F65: 전계룡 | G65: 1년이상 재직자 퇴직금 추계액 (25/12/31기준) | H65: 462962.17 | J65: 462962.17 | L65: 462962.17 | N65: =SUM(H65,J65,L65) -> 1388886.5 | V65: =SUM(P65,R65,T65) -> 0 | AD65: =SUM(X65,Z65,AB65) -> 0 | AL65: =SUM(AF65,AH65,AJ65) -> 0 | AN65: =SUM(N65+V65+AD65+AL65) -> 1388886.5
F66: 고호성 | G66: 1년이상 재직자 퇴직금 추계액 (25/12/31기준) | H66: 226980.92 | J66: 226980.92 | L66: 226980.92 | N66: =SUM(H66,J66,L66) -> 680942.75 | V66: =SUM(P66,R66,T66) -> 0 | AD66: =SUM(X66,Z66,AB66) -> 0 | AL66: =SUM(AF66,AH66,AJ66) -> 0 | AN66: =SUM(N66+V66+AD66+AL66) -> 680942.75
N67: =SUM(H67,J67,L67) -> 0 | V67: =SUM(P67,R67,T67) -> 0 | AD67: =SUM(X67,Z67,AB67) -> 0 | AL67: =SUM(AF67,AH67,AJ67) -> 0 | AN67: =SUM(N67+V67+AD67+AL67) -> 0
B68: 노무비 합계액 (퇴직금) | H68: =SUM(H62:H66) -> 2506989.1 | I68: =H68/H27 -> 0.02955346 | J68: =SUM(J62:J66) -> 2506989.1 | K68: =J68/J27 -> 0.033987254 | L68: =SUM(L62:L66) -> 2506989.1 | M68: =L68/L27 -> 0.024660532 | N68: =SUM(H68,J68,L68) -> 7520967.2 | O68: =N68/N27 -> 0.028898837 | P68: =SUM(P62:P66) -> 0 | Q68: =P68/P27 -> #DIV/0! | R68: =SUM(R62:R66) -> 0 | S68: =R68/R27 -> #DIV/0! | T68: =SUM(T62:T66) -> 0 | U68: =T68/T27 -> #DIV/0! | V68: =SUM(P68,R68,T68) -> 0 | W68: =V68/V27 -> #DIV/0! | X68: =SUM(X62:X66) -> 0 | Y68: =X68/X27 -> #DIV/0! | Z68: =SUM(Z62:Z66) -> 0 | AA68: =Z68/Z27 -> #DIV/0! | AB68: =SUM(AB62:AB66) -> 0 | AC68: =AB68/AB27 -> #DIV/0! | AD68: =SUM(X68,Z68,AB68) -> 0 | AE68: =AD68/AD27 -> #DIV/0! | AF68: =SUM(AF62:AF66) -> 0 | AG68: =AF68/AF27 -> #DIV/0! | AH68: =SUM(AH62:AH66) -> 0 | AI68: =AH68/AH27 -> #DIV/0! | AJ68: =SUM(AJ62:AJ66) -> 0 | AK68: =AJ68/AJ27 -> #DIV/0! | AL68: =SUM(AF68,AH68,AJ68) -> 0 | AM68: =AL68/AL27 -> #DIV/0! | AN68: =SUM(N68+V68+AD68+AL68) -> 7520967.2 | AO68: =AN68/AN27 -> 0.028898837
B69: 노무비 총 합계액 ((직원급여 + 그외) + 퇴직금) | H69: =H60+H68 -> 56008727 | I69: =H69/H$27 -> 0.66025484 | J69: =J60+J68 -> 51139449 | K69: =J69/J$27 -> 0.69329758 | L69: =L60+L68 -> 57323379 | M69: =L69/L$27 -> 0.56387362 | N69: =SUM(H69,J69,L69) -> 1.6447156e+08 | O69: =N69/N$27 -> 0.63197146 | P69: =P60+P68 -> 0 | Q69: =P69/P$27 -> #DIV/0! | R69: =R60+R68 -> 0 | S69: =R69/R$27 -> #DIV/0! | T69: =T60+T68 -> 0 | U69: =T69/T$27 -> #DIV/0! | V69: =SUM(P69,R69,T69) -> 0 | W69: =V69/V$27 -> #DIV/0! | X69: =X60+X68 -> 0 | Y69: =X69/X$27 -> #DIV/0! | Z69: =Z60+Z68 -> 0 | AA69: =Z69/Z$27 -> #DIV/0! | AB69: =AB60+AB68 -> 0 | AC69: =AB69/AB$27 -> #DIV/0! | AD69: =SUM(X69,Z69,AB69) -> 0 | AE69: =AD69/AD$27 -> #DIV/0! | AF69: =AF60+AF68 -> 0 | AG69: =AF69/AF$27 -> #DIV/0! | AH69: =AH60+AH68 -> 0 | AI69: =AH69/AH$27 -> #DIV/0! | AJ69: =AJ60+AJ68 -> 0 | AK69: =AJ69/AJ$27 -> #DIV/0! | AL69: =SUM(AF69,AH69,AJ69) -> 0 | AM69: =AL69/AL$27 -> #DIV/0! | AN69: =SUM(N69+V69+AD69+AL69) -> 1.6447156e+08 | AO69: =AN69/AN$27 -> 0.63197146 | AP69: 매출대비 노무비 1+2 비율(%)
B70: 노무비 총 합계액 ((직원급여 + 그외) + 퇴직금 - 외주용역비) = 회계처리상 합계 | H70: =H61+H68-H55 -> 52448727 | I70: =H70/H27 -> 0.61828804 | J70: =J61+J68-J55 -> 47345609 | K70: =J70/J27 -> 0.64186449 | L70: =L61+L68-L55 -> 50117739 | M70: =L70/L27 -> 0.49299381 | N70: =SUM(H70,J70,L70) -> 1.4991208e+08 | O70: =N70/N$27 -> 0.57602759 | P70: =P61+P68-P55 -> 0 | Q70: =P70/P27 -> #DIV/0! | R70: =R61+R68-R55 -> 0 | S70: =R70/R27 -> #DIV/0! | T70: =T61+T68-T55 -> 0 | U70: =T70/T27 -> #DIV/0! | V70: =SUM(P70,R70,T70) -> 0 | W70: =V70/V$27 -> #DIV/0! | X70: =X61+X68-X55 -> 0 | Y70: =X70/X27 -> #DIV/0! | Z70: =Z61+Z68-Z55 -> 0 | AA70: =Z70/Z27 -> #DIV/0! | AB70: =AB61+AB68-AB55 -> 0 | AC70: =AB70/AB27 -> #DIV/0! | AD70: =SUM(X70,Z70,AB70) -> 0 | AE70: =AD70/AD$27 -> #DIV/0! | AF70: =AF61+AF68-AF55 -> 0 | AG70: =AF70/AF27 -> #DIV/0! | AH70: =AH61+AH68-AH55 -> 0 | AI70: =AH70/AH27 -> #DIV/0! | AJ70: =AJ61+AJ68-AJ55 -> 0 | AK70: =AJ70/AJ27 -> #DIV/0! | AL70: =SUM(AF70,AH70,AJ70) -> 0 | AM70: =AL70/AL$27 -> #DIV/0! | AN70: =SUM(N70+V70+AD70+AL70) -> 1.4991208e+08 | AO70: =AN70/AN$27 -> 0.57602759 | AP70: 매출대비 노무비 1+2 비율(%)
B71: 매출-노무비 | H71: =H27-H70 -> 32380226 | I71: =H71/H$27 -> 0.38171196 | J71: =J27-J70 -> 26417015 | K71: =J71/J$27 -> 0.35813551 | L71: =L27-L70 -> 51542238 | M71: =L71/L$27 -> 0.50700619 | N71: =SUM(H71,J71,L71) -> 1.1033948e+08 | O71: =N71/N$27 -> 0.42397241 | P71: =P27-P70 -> 0 | Q71: =P71/P$27 -> #DIV/0! | R71: =R27-R70 -> 0 | S71: =R71/R$27 -> #DIV/0! | T71: =T27-T70 -> 0 | U71: =T71/T27 -> #DIV/0! | V71: =SUM(P71,R71,T71) -> 0 | W71: =V71/V$27 -> #DIV/0! | X71: =X27-X70 -> 0 | Y71: =X71/X$27 -> #DIV/0! | Z71: =Z27-Z70 -> 0 | AA71: =Z71/Z$27 -> #DIV/0! | AB71: =AB27-AB70 -> 0 | AC71: =AB71/AB$27 -> #DIV/0! | AD71: =SUM(X71,Z71,AB71) -> 0 | AE71: =AD71/AD$27 -> #DIV/0! | AF71: =AF27-AF70 -> 0 | AG71: =AF71/AF$27 -> #DIV/0! | AH71: =AH27-AH70 -> 0 | AI71: =AH71/AH$27 -> #DIV/0! | AJ71: =AJ27-AJ70 -> 0 | AK71: =AJ71/AJ$27 -> #DIV/0! | AL71: =SUM(AF71,AH71,AJ71) -> 0 | AM71: =AL71/AL$27 -> #DIV/0! | AN71: =SUM(N71+V71+AD71+AL71) -> 1.1033948e+08 | AO71: =AN71/AN$27 -> 0.42397241 | AP71: 매출-노무비 비율(%)
D72: 복리후생비 | E72: 복리후생비 | F72: 스마일식당 | G72: 스테리케어 직원 중식대 | H72: 1785000 | J72: 1596000 | L72: 2156000 | N72: =SUM(H72,J72,L72) -> 5537000 | V72: =SUM(P72,R72,T72) -> 0 | AD72: =SUM(X72,Z72,AB72) -> 0 | AL72: =SUM(AF72,AH72,AJ72) -> 0 | AN72: =SUM(N72+V72+AD72+AL72) -> 5537000
F73: 박우생_(주)우태건설 | G73: 직원 출퇴근 차량 보험료 지원(카니발) | H73: 82724 | J73: 74719 | L73: 82724 | N73: =SUM(H73,J73,L73) -> 240167 | V73: =SUM(P73,R73,T73) -> 0 | AD73: =SUM(X73,Z73,AB73) -> 0 | AL73: =SUM(AF73,AH73,AJ73) -> 0 | AN73: =SUM(N73+V73+AD73+AL73) -> 240167
F74: 건강보험 | G74: 건강(요양)보험 (회사부담금) | H74: 713285 | J74: 760055 | L74: 692895 | N74: =SUM(H74,J74,L74) -> 2166235 | V74: =SUM(P74,R74,T74) -> 0 | AD74: =SUM(X74,Z74,AB74) -> 0 | AL74: =SUM(AF74,AH74,AJ74) -> 0 | AN74: =SUM(N74+V74+AD74+AL74) -> 2166235
D75: 복리후생비 합계 | H75: =SUM(H72:H74) -> 2581009 | J75: =SUM(J72:J74) -> 2430774 | L75: =SUM(L72:L74) -> 2931619 | N75: =SUM(H75,J75,L75) -> 7943402 | P75: =SUM(P72:P74) -> 0 | R75: =SUM(R72:R74) -> 0 | T75: =SUM(T72:T74) -> 0 | V75: =SUM(P75,R75,T75) -> 0 | X75: =SUM(X72:X74) -> 0 | Z75: =SUM(Z72:Z74) -> 0 | AB75: =SUM(AB72:AB74) -> 0 | AD75: =SUM(X75,Z75,AB75) -> 0 | AF75: =SUM(AF72:AF74) -> 0 | AH75: =SUM(AH72:AH74) -> 0 | AJ75: =SUM(AJ72:AJ74) -> 0 | AL75: =SUM(AF75,AH75,AJ75) -> 0 | AN75: =SUM(N75+V75+AD75+AL75) -> 7943402
D76: 통신비 | E76: 통신비 | F76: 주식회사 케이티 | G76: 인터넷/일반전화 외 (031-984-6606) | H76: 54500 | J76: 54500 | L76: 54500 | N76: =SUM(H76,J76,L76) -> 163500 | V76: =SUM(P76,R76,T76) -> 0 | AD76: =SUM(X76,Z76,AB76) -> 0 | AL76: =SUM(AF76,AH76,AJ76) -> 0 | AN76: =SUM(N76+V76+AD76+AL76) -> 163500
D77: 통신비 합계 | H77: =SUM(H76) -> 54500 | J77: =SUM(J76) -> 54500 | L77: =SUM(L76) -> 54500 | N77: =SUM(H77,J77,L77) -> 163500 | P77: =SUM(P76) -> 0 | R77: =SUM(R76) -> 0 | T77: =SUM(T76) -> 0 | V77: =SUM(P77,R77,T77) -> 0 | X77: =SUM(X76) -> 0 | Z77: =SUM(Z76) -> 0 | AB77: =SUM(AB76) -> 0 | AD77: =SUM(X77,Z77,AB77) -> 0 | AF77: =SUM(AF76) -> 0 | AH77: =SUM(AH76) -> 0 | AJ77: =SUM(AJ76) -> 0 | AL77: =SUM(AF77,AH77,AJ77) -> 0 | AN77: =SUM(N77+V77+AD77+AL77) -> 163500
D78: 수도광열비 | E78: 수도광열비 | F78: 김포시맑은물사업소 | G78: 상하수도요금 및 물이용부담금 | H78: 40190 | J78: 10790 | L78: 14990 | N78: =SUM(H78,J78,L78) -> 65970 | V78: =SUM(P78,R78,T78) -> 0 | AD78: =SUM(X78,Z78,AB78) -> 0 | AL78: =SUM(AF78,AH78,AJ78) -> 0 | AN78: =SUM(N78+V78+AD78+AL78) -> 65970 | AO78: 납부총액
F79: 김포시맑은물사업소 | G79: 지하수이용부담금 | H79: 80750 | J79: 98430 | L79: 72590 | N79: =SUM(H79,J79,L79) -> 251770 | V79: =SUM(P79,R79,T79) -> 0 | AD79: =SUM(X79,Z79,AB79) -> 0 | AL79: =SUM(AF79,AH79,AJ79) -> 0 | AN79: =SUM(N79+V79+AD79+AL79) -> 251770 | AO79: 납부총액
F80: ㈜해동에너지 | G80: LPG가스충전 | H80: 11153802 | I80: =H80/H27 -> 0.13148579 | J80: 8544645 | K80: =J80/J27 -> 0.11583976 | L80: 13214386 | M80: =L80/L27 -> 0.12998612 | N80: =SUM(H80,J80,L80) -> 32912833 | O80: =N80/N27 -> 0.12646546 | Q80: =P80/P27 -> #DIV/0! | S80: =R80/R27 -> #DIV/0! | U80: =T80/T27 -> #DIV/0! | V80: =SUM(P80,R80,T80) -> 0 | W80: =V80/$V$27 -> #DIV/0! | Y80: =X80/X27 -> #DIV/0! | AA80: =Z80/Z27 -> #DIV/0! | AC80: =AB80/AB27 -> #DIV/0! | AD80: =SUM(X80,Z80,AB80) -> 0 | AE80: =AD80/$V$27 -> #DIV/0! | AG80: =AF80/AF27 -> #DIV/0! | AI80: =AH80/AH27 -> #DIV/0! | AK80: =AJ80/AJ27 -> #DIV/0! | AL80: =SUM(AF80,AH80,AJ80) -> 0 | AM80: =AL80/$V$27 -> #DIV/0! | AN80: =SUM(N80+V80+AD80+AL80) -> 32912833
D81: 수도광열비 합계 | H81: =SUM(H78:H80) -> 11274742 | J81: =SUM(J78:J80) -> 8653865 | L81: =SUM(L78:L80) -> 13301966 | N81: =SUM(H81,J81,L81) -> 33230573 | P81: =SUM(P78:P80) -> 0 | R81: =SUM(R78:R80) -> 0 | T81: =SUM(T78:T80) -> 0 | V81: =SUM(P81,R81,T81) -> 0 | X81: =SUM(X78:X80) -> 0 | Z81: =SUM(Z78:Z80) -> 0 | AB81: =SUM(AB78:AB80) -> 0 | AD81: =SUM(X81,Z81,AB81) -> 0 | AF81: =SUM(AF78:AF80) -> 0 | AH81: =SUM(AH78:AH80) -> 0 | AJ81: =SUM(AJ78:AJ80) -> 0 | AL81: =SUM(AF81,AH81,AJ81) -> 0 | AN81: =SUM(N81+V81+AD81+AL81) -> 33230573
D82: 전력비 | E82: 전력비 | F82: 한국전력공사 | G82: 스테리케어 전기요금 | H82: =4782920-424395 -> 4358525 | I82: =H82/H27 -> 0.051380158 | J82: =5125330-454778 -> 4670552 | K82: =J82/J27 -> 0.06331868 | L82: 3840989 | M82: =L82/L27 -> 0.037782706 | N82: =SUM(H82,J82,L82) -> 12870066 | O82: =N82/N27 -> 0.049452408 | Q82: =P82/P27 -> #DIV/0! | S82: =R82/R27 -> #DIV/0! | U82: =T82/T27 -> #DIV/0! | V82: =SUM(P82,R82,T82) -> 0 | W82: =V82/$V$27 -> #DIV/0! | Y82: =X82/X27 -> #DIV/0! | AA82: =Z82/Z27 -> #DIV/0! | AC82: =AB82/AB27 -> #DIV/0! | AD82: =SUM(X82,Z82,AB82) -> 0 | AE82: =AD82/$V$27 -> #DIV/0! | AG82: =AF82/AF27 -> #DIV/0! | AI82: =AH82/AH27 -> #DIV/0! | AK82: =AJ82/AJ27 -> #DIV/0! | AL82: =SUM(AF82,AH82,AJ82) -> 0 | AM82: =AL82/$V$27 -> #DIV/0! | AN82: =SUM(N82+V82+AD82+AL82) -> 12870066 | AO82: 부가세별도 | AP82: 총 납부요금에서 부가세대급금만 뺀 금액 (전력기금은 포함)
D83: 전력비 합계 | H83: =SUM(H82) -> 4358525 | J83: =SUM(J82) -> 4670552 | L83: =SUM(L82) -> 3840989 | N83: =SUM(H83,J83,L83) -> 12870066 | P83: =SUM(P82) -> 0 | R83: =SUM(R82) -> 0 | T83: =SUM(T82) -> 0 | V83: =SUM(P83,R83,T83) -> 0 | X83: =SUM(X82) -> 0 | Z83: =SUM(Z82) -> 0 | AB83: =SUM(AB82) -> 0 | AD83: =SUM(X83,Z83,AB83) -> 0 | AF83: =SUM(AF82) -> 0 | AH83: =SUM(AH82) -> 0 | AJ83: =SUM(AJ82) -> 0 | AL83: =SUM(AF83,AH83,AJ83) -> 0 | AN83: =SUM(N83+V83+AD83+AL83) -> 12870066
D84: 세금과공과 | E84: 세금과공과 | F84: 김포시 | G84: 지역자원시설세 / 등록면허세 | H84: 54560 | J84: 0 | L84: 0 | N84: =SUM(H84,J84,L84) -> 54560 | V84: =SUM(P84,R84,T84) -> 0 | AD84: =SUM(X84,Z84,AB84) -> 0 | AL84: =SUM(AF84,AH84,AJ84) -> 0 | AN84: =SUM(N84+V84+AD84+AL84) -> 54560 | AO84: 납부총액
F85: 김포시 | G85: 주민세(사업소분)_귀전로154번길 93 | H85: 0 | N85: =SUM(H85,J85,L85) -> 0 | V85: =SUM(P85,R85,T85) -> 0 | AD85: =SUM(X85,Z85,AB85) -> 0 | AL85: =SUM(AF85,AH85,AJ85) -> 0 | AN85: =SUM(N85+V85+AD85+AL85) -> 0 | AO85: 납부총액
F86: 김포시 | G86: 재산세(건축물)_지하수관정시설분)_연 1회 납부 | H86: 0 | N86: =SUM(H86,J86,L86) -> 0 | V86: =SUM(P86,R86,T86) -> 0 | AD86: =SUM(X86,Z86,AB86) -> 0 | AL86: =SUM(AF86,AH86,AJ86) -> 0 | AN86: =SUM(N86+V86+AD86+AL86) -> 0 | AO86: 납부총액
F87: 부천시 | G87: 자동차세 (마이티) | H87: 45800 | J87: 0 | L87: 0 | N87: =SUM(H87,J87,L87) -> 45800 | V87: =SUM(P87,R87,T87) -> 0 | AD87: =SUM(X87,Z87,AB87) -> 0 | AL87: =SUM(AF87,AH87,AJ87) -> 0 | AN87: =SUM(N87+V87+AD87+AL87) -> 45800 | AO87: 납부총액
F88: 김포시 | G88: 세탁물 처리업 등록면허세 | H88: 9000 | J88: 0 | L88: 0 | N88: =SUM(H88,J88,L88) -> 9000 | V88: =SUM(P88,R88,T88) -> 0 | AD88: =SUM(X88,Z88,AB88) -> 0 | AL88: =SUM(AF88,AH88,AJ88) -> 0 | AN88: =SUM(N88+V88+AD88+AL88) -> 9000 | AO88: 납부총액
F89: 김포시 | G89: 배출시설(폐수) 등록면허세 | H89: 4500 | J89: 0 | L89: 0 | N89: =SUM(H89,J89,L89) -> 4500 | V89: =SUM(P89,R89,T89) -> 0 | AD89: =SUM(X89,Z89,AB89) -> 0 | AL89: =SUM(AF89,AH89,AJ89) -> 0 | AN89: =SUM(N89+V89+AD89+AL89) -> 4500 | AO89: 납부총액
F90: 국민연금 | G90: 국민연금 (회사부담금) | H90: 896120 | J90: 896120 | L90: 801510 | N90: =SUM(H90,J90,L90) -> 2593750 | V90: =SUM(P90,R90,T90) -> 0 | AD90: =SUM(X90,Z90,AB90) -> 0 | AL90: =SUM(AF90,AH90,AJ90) -> 0 | AN90: =SUM(N90+V90+AD90+AL90) -> 2593750
D91: 세금과공과 합계 | H91: =SUM(H84:H90) -> 1009980 | J91: =SUM(J84:J90) -> 896120 | L91: =SUM(L84:L90) -> 801510 | N91: =SUM(H91,J91,L91) -> 2707610 | P91: =SUM(P84:P90) -> 0 | R91: =SUM(R84:R90) -> 0 | T91: =SUM(T84:T90) -> 0 | V91: =SUM(P91,R91,T91) -> 0 | X91: =SUM(X84:X90) -> 0 | Z91: =SUM(Z84:Z90) -> 0 | AB91: =SUM(AB84:AB90) -> 0 | AD91: =SUM(X91,Z91,AB91) -> 0 | AF91: =SUM(AF84:AF90) -> 0 | AH91: =SUM(AH84:AH90) -> 0 | AJ91: =SUM(AJ84:AJ90) -> 0 | AL91: =SUM(AF91,AH91,AJ91) -> 0 | AN91: =SUM(N91+V91+AD91+AL91) -> 2707610
D92: 지급임차료 | E92: 지급임차료 | F92: 지광선 | G92: 스테리케어 임대료 | H92: 4500000 | J92: 4500000 | L92: 4500000 | N92: =SUM(H92,J92,L92) -> 13500000 | V92: =SUM(P92,R92,T92) -> 0 | AD92: =SUM(X92,Z92,AB92) -> 0 | AL92: =SUM(AF92,AH92,AJ92) -> 0 | AN92: =SUM(N92+V92+AD92+AL92) -> 13500000
F93: SK매직 | G93: 정수기 렌탈료 (2대) | H93: 26273 | J93: 52546 | L93: 52546 | N93: =SUM(H93,J93,L93) -> 131365 | V93: =SUM(P93,R93,T93) -> 0 | AD93: =SUM(X93,Z93,AB93) -> 0 | AL93: =SUM(AF93,AH93,AJ93) -> 0 | AN93: =SUM(N93+V93+AD93+AL93) -> 131365
F94: 상통물류(이상천) | G94: 차량지입료-허균 > 3월부터 뉴고려+일산중심으로 변경 | H94: 600000 | J94: 600000 | L94: 1920000 | N94: =SUM(H94,J94,L94) -> 3120000 | V94: =SUM(P94,R94,T94) -> 0 | AD94: =SUM(X94,Z94,AB94) -> 0 | AL94: =SUM(AF94,AH94,AJ94) -> 0 | AN94: =SUM(N94+V94+AD94+AL94) -> 3120000 | AP94: 종이세금계산서 발행
F95: 상통물류(이상천) | G95: 차량지입료-파주 | H95: 2750000 | J95: 2500000 | L95: 2500000 | N95: =SUM(H95,J95,L95) -> 7750000 | V95: =SUM(P95,R95,T95) -> 0 | AD95: =SUM(X95,Z95,AB95) -> 0 | AL95: =SUM(AF95,AH95,AJ95) -> 0 | AN95: =SUM(N95+V95+AD95+AL95) -> 7750000 | AP95: 종이세금계산서 발행
F96: ㈜원진운송 | G96: 차량지입료 | H96: 5600000 | J96: 5600000 | L96: 5600000 | N96: =SUM(H96,J96,L96) -> 16800000 | V96: =SUM(P96,R96,T96) -> 0 | AD96: =SUM(X96,Z96,AB96) -> 0 | AL96: =SUM(AF96,AH96,AJ96) -> 0 | AN96: =SUM(N96+V96+AD96+AL96) -> 16800000
F97: 최수진(월세후불) | G97: 김포 통진읍 마송리 530-1 304호 | H97: 400000 | J97: 400000 | L97: 400000 | N97: =SUM(H97,J97,L97) -> 1200000 | V97: =SUM(P97,R97,T97) -> 0 | AD97: =SUM(X97,Z97,AB97) -> 0 | AL97: =SUM(AF97,AH97,AJ97) -> 0 | AN97: =SUM(N97+V97+AD97+AL97) -> 1200000
F98: ㈜서울부스애드컴 | G98: 전시회 블록 부스 렌탈료 | H98: 0 | J98: 0 | L98: 0 | N98: =SUM(H98,J98,L98) -> 0 | V98: =SUM(P98,R98,T98) -> 0 | AD98: =SUM(X98,Z98,AB98) -> 0 | AL98: =SUM(AF98,AH98,AJ98) -> 0 | AN98: =SUM(N98+V98+AD98+AL98) -> 0
D99: 지급임차료 합계 | H99: =SUM(H92:H98) -> 13876273 | J99: =SUM(J92:J98) -> 13652546 | L99: =SUM(L92:L98) -> 14972546 | N99: =SUM(H99,J99,L99) -> 42501365 | P99: =SUM(P92:P98) -> 0 | R99: =SUM(R92:R98) -> 0 | T99: =SUM(T92:T98) -> 0 | V99: =SUM(P99,R99,T99) -> 0 | X99: =SUM(X92:X98) -> 0 | Z99: =SUM(Z92:Z98) -> 0 | AB99: =SUM(AB92:AB98) -> 0 | AD99: =SUM(X99,Z99,AB99) -> 0 | AF99: =SUM(AF92:AF98) -> 0 | AH99: =SUM(AH92:AH98) -> 0 | AJ99: =SUM(AJ92:AJ98) -> 0 | AL99: =SUM(AF99,AH99,AJ99) -> 0 | AN99: =SUM(N99+V99+AD99+AL99) -> 42501365
D100: 수선비 | E100: 수선비 | F100: 디에스이엔지(DS ENG) | G100: 보일러수리/보일러 청관제/세정작업 및 연비조정 | H100: 0 | J100: 0 | N100: =SUM(H100,J100,L100) -> 0 | V100: =SUM(P100,R100,T100) -> 0 | AD100: =SUM(X100,Z100,AB100) -> 0 | AL100: =SUM(AF100,AH100,AJ100) -> 0 | AN100: =SUM(N100+V100+AD100+AL100) -> 0
...

Sheet 선급금(daily)
B2: ▣스테리케어 선급금 월별 내역(중복제외)
B4: 월 구분 | C4: 계정과목 구분 | D4: 계정별 금액 | E4: 일자 | F4: 상품명 | G4: 업체명 | H4: 요청금액 | I4: 요청자 | J4: 비고
B5: 1월 | C5: 시설장치 | D5: =SUM(H5) -> 4956000 | E5: 46027 | F5: CCTV 설치비용 | G5: 다봄씨엔에스 | H5: 4956000 | I5: 중복제외 | J5: 말일 자금집행 누락분(계정분류 오류)
C6: 지급임차료 | D6: =SUM(H6:H9) -> 12170000 | E6: 46028 | F6: 김포공장 임대료 | G6: 대성프라스틱(지광선) | H6: 4950000 | I6: 중복제외
E7: 46031 | F7: 차량지입료(12월분) 지급 | G7: (주)원진운송 | H7: 6160000 | I7: 중복제외
E8: 46031 | F8: 허균 추가 계약건 차량지입료(12월분) 지급 | G8: 상통물류 | H8: 660000 | I8: 중복제외 | J8: 선경종합운수 > 상통물류로 12월부터 업체변경
E9: 46045 | F9: 김포 원룸 월세(전계룡 이사님) | G9: 최수진 | H9: 400000 | I9: 중복제외
C10: 비품 | D10: =SUM(H10) -> 176000 | E10: 46031 | F10: 롤테이너카트 바퀴 | G10: 제이와이컴퍼니(주) | H10: 176000 | I10: 중복제외 | J10: 지출결의서 작성분
C11: 소모품비 | D11: =SUM(H11:H16) -> 500110 | E11: 46031 | F11: 펜크리어4L | G11: 오성크린몰 | H11: 54000 | J11: 스파팅 사용약품
E12: 46031 | F12: 다목적세정제20L | G12: 네이버 | H12: 16900 | J12: 스파팅 사용 약품
E13: 46031 | F13: 분무기1L 4개 | G13: 쿠팡 | H13: 37260 | J13: 스파팅시 사용
E14: 46042 | F14: 소금 15포대 | G14: 네이버 | H14: 180000
E15: 46042 | F15: 프로그립1000 장갑, 30개 | G15: 쿠팡 | H15: 55950
E16: 46043 | F16: 옷걸이2000개 | G16: 옥션 | H16: 156000
C17: 수도광열비 | D17: =SUM(H17:H18) -> 7607049 | E17: 46034 | F17: 01월11일 가스 주입 | G17: 해동에너지 | H17: 2927413 | I17: 중복제외
E18: 46048 | F18: 01월25일 가스 주입 | G18: 해동에너지 | H18: 4679636 | I18: 중복제외
B19: 2월 | C19: 수도광열비 | D19: =SUM(H19:H21) -> 9399109 | E19: 46055 | F19: 02월01일 가스 주입 | G19: 해동에너지 | H19: 3410286 | I19: 중복제외
E20: 46064 | F20: 02월08일 가스 주입 | G20: 해동에너지 | H20: 3183939 | I20: 중복제외
E21: 46079 | F21: 02월15일 가스 주입 | G21: 해동에너지 | H21: 2804884 | I21: 중복제외
C22: 지급임차료 | D22: =SUM(H22:H26) -> 15195000 | E22: 46056 | F22: 김포공장 임대료 | G22: 대성프라스틱(지광선) | H22: 4950000 | I22: 중복제외
E23: 46063 | F23: 차량지입료(1월분) 지급 | G23: (주)원진운송 | H23: 6160000 | I23: 중복제외
E24: 46063 | F24: 차량지입료(1월분) 지급-허균 | G24: 상통물류(이상천) | H24: 660000 | I24: 중복제외 | J24: 선경종합운수 > 상통물류로 12월부터 업체변경
E25: 46063 | F25: 차량지입료(1월분) 지급-파주 | G25: 상통물류(이상천) | H25: 3025000 | I25: 중복제외 | J25: 월 250만원(vat미포함) + 12/29~12/31(3일) 운행분 25만원 추가
E26: 46076 | F26: 김포 원룸 월세(전계룡 이사님) | G26: 최수진 | H26: 400000 | I26: 중복제외
C27: 소모품비 | D27: =SUM(H27:H31)-H27 -> 1181590 | E27: 46063 | F27: 단프라시트 90장(900X1800) | G27: 네이버 | H27: 549900 | I27: 환불제외 | J27: 전액 네이버로 환불예정
E28: 46064 | F28: 단프라시트 90장(1200X2400) | G28: (주)보양스토리 | H28: 1089000 | J28: 사이즈변경요청으로 재구매/화물퀵비 99,000원 포함
E29: 46064 | F29: 다목적세정제20L | G29: 네이버 | H29: 33800 | J29: 스파팅 사용 약품/소모품 네이버페이 포인트로 구매
E30: 46079 | F30: 종이컵 2000개 | G30: 쿠팡 | H30: 25990
E31: 46079 | F31: 코멕스고무장갑(L) 20개 | G31: 쿠팡 | H31: 32800 | J31: 스파팅 및 다용도 사용
C32: 급여 | D32: =SUM(H32) -> 100000 | E32: 46057 | F32: 직원 급여 가불 지급 | G32: 바크누어(SALYKBAYEV BAKNUR) | H32: 100000 | I32: 중복제외 | J32: 가불신청서 작성완료(선지급 후 결재)
C33: 지급수수료 | D33: =SUM(H33) -> 42000 | E33: 46062 | F33: 구인광고 게시 수수료 | G33: 당근페이 충전(전계룡) | H33: 42000
C34: 운반비 | D34: =SUM(H34) -> 110000 | E34: 46064 | F34: 단프라시트(900X1800) 반품 왕복배송비 | G34: 명진산업자재(허승) | H34: 110000
C35: 비품 | D35: =SUM(H35:H37) -> 19679000 | E35: 46063 | F35: 롤테이너 벽면보호용 바퀴 | G35: (주)한세교역 | H35: 550000 | I35: 중복제외 | J35: 세탁기대금 보류, 바퀴구매분만 결제
E36: 46065 | F36: 롤테이너카트 30개+바퀴교체 | G36: 제이와이컴퍼니(주) | H36: 8129000 | I36: 중복제외 | J36: 전일 직배송비 44,000원 포함/납품 완료후 결제
E37: 46066 | F37: 토세이 소형세탁기 및 설치공사비 | G37: (주)한세교역 | H37: 11000000 | I37: 중복제외
B38: 3월 | C38: 지급임차료 | D38: =SUM(H38:H42) -> 14920000 | E38: 46084 | F38: 김포공장 임대료 | G38: 대성프라스틱(지광선) | H38: 4950000 | I38: 중복제외
E39: 46091 | F39: 차량지입료(2월분) 지급 | G39: (주)원진운송 | H39: 6160000 | I39: 중복제외
E40: 46091 | F40: 차량지입료(2월분) 지급-허균 | G40: 상통물류(이상천) | H40: 660000 | I40: 중복제외
E41: 46091 | F41: 차량지입료(2월분) 지급-파주 | G41: 상통물류(이상천) | H41: 2750000 | I41: 중복제외
E42: 46104 | F42: 김포 원룸 월세(전계룡 이사님) | G42: 최수진 | H42: 400000 | I42: 중복제외
C43: 수도광열비 | D43: =SUM(H43:H45) -> 14535824 | E43: 46090 | F43: 03월06일 가스 주입 | G43: 해동에너지 | H43: 5350633 | I43: 중복제외
E44: 46097 | F44: 03월15일 가스 주입 | G44: 해동에너지 | H44: 5145408 | I44: 중복제외
E45: 46107 | F45: 03월25일 가스 주입 | G45: 해동에너지 | H45: 4039783 | I45: 중복제외
C46: 수선비 | D46: =SUM(H46) -> 411000 | E46: 46093 | F46: 파손가운 수선비(274건) | G46: 서현녀(스타일리스트) | H46: 411000 | I46: 중복제외 | J46: 지출결의서 작성
C47: 소모품비 | D47: =SUM(H47:H52) -> 290230 | E47: 46093 | F47: 작은 종이컵 2000개 | G47: 쿠팡 | H47: 15190
E48: 46099 | F48: 맥심모카골드(400T) 2박스 | G48: 지마켓 | H48: 106360 | J48: 아이디별 구매수량제한으로 분리구매
E49: 46099 | F49: 맥심모카골드(400T) 2박스 | G49: 옥션 | H49: 106240 | J49: 아이디별 구매수량제한으로 분리구매
E50: 46099 | F50: 맥심화이트골드(160T) | G50: 쿠팡 | H50: 25130
E51: 46107 | F51: 유한락스 15L, 2개 | G51: 옥션 | H51: 31360
E52: 46107 | F52: S고리 | G52: 쿠팡 | H52: 5950
C53: 광고선전비 | D53: =SUM(H53) -> 3190000 | E53: 46108 | F53: 2026 KHF 계약금 50% | G53: 메쎄이상 | H53: 3190000 | I53: 추후 반영 | J53: 세금계산서 발행분으로
B62: 4월 | C62: 소모품비 | D62: =SUM(H62:H66) -> 417530 | E62: 46114 | F62: 살균소독스프레이 | G62: 쿠팡 | H62: 13640
E63: 46115 | F63: 사무실 틈새 책장 | G63: 네이버 | H63: 45810 | J63: 지출결의서O / 소모품 네이버페이 포인트로 구매
E64: 46115 | F64: 멸균실 탁상 2개 | G64: 네이버 | H64: 165180 | J64: 지출결의서O
E65: 46115 | F65: 물티슈 1박스 | G65: 쿠팡 | H65: 12900
E66: 46122 | F66: 소금 15포대 | G66: 네이버 | H66: 180000
D67: =SUM(H67:H68) -> 273900 | E67: 46128 | F67: 아이로너 가이드테이프 | G67: (주)보우 | H67: 165000 | I67: 중복제외 | J67: 지출결의서 결재완료분
E68: 46139 | F68: 뉴고려병원 페인트 | G68: (주)현대상사 | H68: 108900 | I68: 중복제외 | J68: 정기회의시 보고O
C69: 지급임차료 | D69: =SUM(H69:H73) -> 16372000 | E69: 46115 | F69: 김포공장 임대료 | G69: 대성프라스틱(지광선) | H69: 4950000 | I69: 중복제외
E70: 46122 | F70: 차량지입료(3월분) 지급 | G70: (주)원진운송 | H70: 6160000 | I70: 중복제외
E71: 46122 | F71: 차량지입료(3월분) 지급-파주 | G71: 상통물류(이상천) | H71: 2750000 | I71: 중복제외 | J71: 월 250만원(vat미포함)/종이계산서
E72: 46122 | F72: 차량지입료(3월분) 지급-뉴고려+일산중심 | G72: 상통물류(이상천) | H72: 2112000 | I72: 중복제외 | J72: 뉴고려병원: 월 120만원/일산중심병원 : 60만원(VAT미포함)+2/27~2/28 추가 운행분 12만원 포함
E73: 46136 | F73: 김포 원룸 월세(전계룡 이사님) | G73: 최수진 | H73: 400000 | I73: 중복제외
C74: 지급수수료 | D74: =SUM(H74:H75) -> 134700 | E74: 46115 | F74: 구인광고 게시 수수료 | G74: 당근페이 충전(전계룡) | H74: 30000
E75: 46128 | F75: 지하수 수질검사 수수료 | G75: 김포시맑은물사업본부 | H75: 104700 | J75: 정기 수질검사(4/15 채수완료)
C76: 수도광열비 | D76: =SUM(H76:H78) -> 13646186 | E76: 46119 | F76: 04월04일 가스 주입 | G76: 해동에너지 | H76: 4811394 | I76: 중복제외
E77: 46128 | F77: 4월12일 가스주입 | G77: 해동에너지 | H77: 4237081 | I77: 중복제외
E78: 46139 | F78: 4월23일 가스 충전 | G78: 해동에너지 | H78: 4597711 | I78: 중복제외
C79: 운반비 | D79: =SUM(H79:H80) -> 24000 | E79: 46126 | F79: (주)히트 | G79: 개인배송_전대중 | H79: 12000 | J79: 틈새책장 착불택배비 개인 사비 선결제(전계룡)
E80: 46133 | F80: (주)히트 | G80: 오케이물류_전대중 | H80: 12000 | J80: 틈새책장 착불택배비 개인 사비 선결제(전계룡)/2건 중 1건
C81: 복리후생비 | D81: =SUM(H81) -> 987830 | E81: 46135 | F81: 박우생 팀장 자차(카니발) 보험료(26.04.23~27.04.23) | G81: 현대해상우태건설 | H81: 987830 | I81: 중복제외
C82: 퇴직급여 | D82: =SUM(H82) -> 6317784 | E82: 46135 | F82: 권혁 퇴직금 지급(24.06.17~26.04.10) | G82: 권혁 | H82: 6317784 | I82: 중복제외 | J82: 산정액(6,398,694원) - 퇴직소득세(80,910원)
C83: 수선비 | D83: =SUM(H83) -> 157500 | E83: 46135 | F83: 파손가운 수선비(105건) | G83: 서현녀(스타일리스트) | H83: 157500 | I83: 중복제외 | J83: 건당 1,500원
B84: 5월 | C84: 수도광열비 | D84: =SUM(H84:H86) -> 12557580 | E84: 46146 | F84: 5월02일 가스 충전 | G84: 해동에너지 | H84: 4770840 | I84: 중복제외
E85: 46156 | F85: 5월10일 가스 충전 | G85: 해동에너지 | H85: 3464971 | I85: 중복제외
E86: 46170 | F86: 5월23일 가스 충전 | G86: 해동에너지 | H86: 4321769 | I86: 중복제외
C87: 지급임차료 | D87: =SUM(H87:H90) -> 15690000 | E87: 46148 | F87: 김포공장 임대료 | G87: 대성프라스틱(지광선) | H87: 4950000 | I87: 중복제외
E88: 46154 | F88: 차량지입료(4월분) 지급 | G88: (주)원진운송 | H88: 6160000 | I88: 중복제외
E89: 46154 | F89: 차량지입료(4월분) 지급-파주+뉴고려+일산중심 | G89: 상통물류(이상천) | H89: 4180000 | I89: 중복제외 | J89: 파주 : 250만원/뉴고려 : 120만원/일산중심 : 60만원(VAT미포함) = 총 430만원 - 할인 50만원
E90: 46164 | F90: 김포 원룸 월세 | G90: 최수진 | H90: 400000 | I90: 중복제외 | J90: 26.04.23~26.05.22까지의 월세
C91: 퇴직급여 | D91: =SUM(H91) -> 6801108 | E91: 46150 | F91: 전계룡 퇴직금 지급(24.09.23~26.04.24) | G91: 전계룡 | H91: 6801108 | I91: 중복제외 | J91: 산정액(6,895,128원) - 퇴직소득세(94,020원)
C92: 보험료 | D92: =SUM(H92) -> 1167870 | E92: 46150 | F92: 845부2564(마이티) 2026.05.08~2027.05.08 | G92: 현대해상화재보험 | H92: 1167870 | I92: 중복제외
C93: 소모품비 | D93: =SUM(H93:H102) -> 696530 | E93: 46156 | F93: 쓰리엠장갑 | G93: 쿠팡 | H93: 90750
E94: 46161 | F94: TV스탠드 | G94: 네이버 | H94: 69900
E95: 46161 | F95: PU코팅장갑 | G95: 네이버 | H95: 23000
E96: 46161 | F96: 에어보나 공업용 대형 메탈 선풍기 | G96: 쿠팡 | H96: 115800 | J96: 지출결의서 작성분
E97: 46161 | F97: 종이컵 1박스 | G97: 쿠팡 | H97: 13490
E98: 46168 | F98: 비누 8개 | G98: 쿠팡 | H98: 5990
E99: 46168 | F99: 마포대 3개/마포걸레 10개 | G99: 네이버 | H99: 58200
E100: 46168 | F100: 백색 비닐봉투 400개 | G100: 네이버 | H100: 18400
E101: 46168 | F101: 산업용 멀티탭 | G101: 네이버 | H101: 21000
E102: 46170 | F102: 녹물제거제 18L 2통 | G102: 오성크린몰 | H102: 280000

Sheet 월별원가(류)5월
A1: 월별 가운원가
Q2: ----> 부가세별도금액
A3: 병원 | B3: 멸균유무 | C3: 가운별 | D3: 회당원가 | E3: 1월 | F3: 2월 | G3: 3월 | H3: 4월 | I3: 5월 | J3: 6월 | K3: 7월 | L3: 8월 | M3: 9월 | N3: 10월 | O3: 11월 | P3: 12월 | Q3: 1월 | R3: 2월 | S3: 3월 | T3: 4월 | U3: 5월 | V3: 6월 | W3: 7월 | X3: 8월 | Y3: 9월 | Z3: 10월 | AA3: 11월 | AB3: 12월 | AC3: 가운별 합계
A4: 부천 | B4: 비멸균 | C4: 경량OB | D4: 195 | E4: =$D4*('[1]가운출고량(류)'!F3) -> 0 | F4: =$D4*('[1]가운출고량(류)'!G3) -> 0 | G4: =$D4*('[1]가운출고량(류)'!H3) -> 0 | H4: =$D4*('[1]가운출고량(류)'!I3) -> 0 | I4: =$D4*('[1]가운출고량(류)'!J3) -> 0 | J4: =$D4*('[1]가운출고량(류)'!K3) -> 0 | K4: =$D4*('[1]가운출고량(류)'!L3) -> 0 | L4: =$D4*('[1]가운출고량(류)'!M3) -> 0 | ... P4: =$D4*('[1]가운출고량(류)'!Q3) -> 0 | Q4: =($D4/1.1)*('가운출고량(류)5월'!AF$9) -> 42545.455 | R4: =($D4/1.1)*('가운출고량(류)5월'!AG$9) -> 42545.455 | S4: =($D4/1.1)*('가운출고량(류)5월'!AH$9) -> 53181.818 | T4: =($D4/1.1)*('가운출고량(류)5월'!AI$9) -> 63818.182 | U4: =($D4/1.1)*('가운출고량(류)5월'!AJ$9) -> 42545.455 | V4: =($D4/1.1)*('가운출고량(류)5월'!AK$9) -> 0 | W4: =($D4/1.1)*('가운출고량(류)5월'!AL$9) -> 0 | X4: =($D4/1.1)*('가운출고량(류)5월'!AM$9) -> 0 | ... AB4: =($D4/1.1)*('가운출고량(류)5월'!AQ$9) -> 0 | AC4: =SUM(Q4:AB4) -> 244636.36
C5: 노랑 | D5: 224 | E5: =$D5*('[1]가운출고량(류)'!F4+'[1]가운출고량(류)'!F5) -> 112000 | F5: =$D5*('[1]가운출고량(류)'!G4+'[1]가운출고량(류)'!G5) -> 95200 | G5: =$D5*('[1]가운출고량(류)'!H4+'[1]가운출고량(류)'!H5) -> 61600 | H5: =$D5*('[1]가운출고량(류)'!I4+'[1]가운출고량(류)'!I5) -> 56000 | I5: =$D5*('[1]가운출고량(류)'!J4+'[1]가운출고량(류)'!J5) -> 56000 | J5: =$D5*('[1]가운출고량(류)'!K4+'[1]가운출고량(류)'!K5) -> 56000 | K5: =$D5*('[1]가운출고량(류)'!L4+'[1]가운출고량(류)'!L5) -> 56000 | L5: =$D5*('[1]가운출고량(류)'!M4+'[1]가운출고량(류)'!M5) -> 72800 | ... P5: =$D5*('[1]가운출고량(류)'!Q4+'[1]가운출고량(류)'!Q5) -> 78400 | Q5: =($D5/1.1)*('가운출고량(류)5월'!AF$7+'가운출고량(류)5월'!AF$8) -> 10181.818 | R5: =($D5/1.1)*('가운출고량(류)5월'!AG$7+'가운출고량(류)5월'!AG$8) -> 10181.818 | S5: =($D5/1.1)*('가운출고량(류)5월'!AH$7+'가운출고량(류)5월'!AH$8) -> 5090.9091 | T5: =($D5/1.1)*('가운출고량(류)5월'!AI$7+'가운출고량(류)5월'!AI$8) -> 20363.636 | U5: =($D5/1.1)*('가운출고량(류)5월'!AJ$7+'가운출고량(류)5월'!AJ$8) -> 5090.9091 | V5: =($D5/1.1)*('가운출고량(류)5월'!AK$7+'가운출고량(류)5월'!AK$8) -> 0 | W5: =($D5/1.1)*('가운출고량(류)5월'!AL$7+'가운출고량(류)5월'!AL$8) -> 0 | X5: =($D5/1.1)*('가운출고량(류)5월'!AM$7+'가운출고량(류)5월'!AM$8) -> 0 | ... AB5: =($D5/1.1)*('가운출고량(류)5월'!AQ$7+'가운출고량(류)5월'!AQ$8) -> 0 | AC5: =SUM(Q5:AB5) -> 50909.091
C6: 비멸균합계 | E6: =E4+E5 -> 112000 | F6: =F4+F5 -> 95200 | G6: =G4+G5 -> 61600 | H6: =H4+H5 -> 56000 | I6: =I4+I5 -> 56000 | J6: =J4+J5 -> 56000 | K6: =K4+K5 -> 56000 | L6: =L4+L5 -> 72800 | ... P6: =P4+P5 -> 78400 | Q6: =SUM(Q4:Q5) -> 52727.273 | R6: =SUM(R4:R5) -> 52727.273 | S6: =SUM(S4:S5) -> 58272.727 | T6: =SUM(T4:T5) -> 84181.818 | U6: =SUM(U4:U5) -> 47636.364 | V6: =SUM(V4:V5) -> 0 | W6: =SUM(W4:W5) -> 0 | X6: =SUM(X4:X5) -> 0 | ... AB6: =SUM(AB4:AB5) -> 0 | AC6: =SUM(Q6:AB6) -> 295545.45
B7: 멸균 | C7: 보라 | D7: 637 | E7: =$D7*('[1]가운출고량(류)'!F6+'[1]가운출고량(류)'!F7) -> 439530 | F7: =$D7*('[1]가운출고량(류)'!G6+'[1]가운출고량(류)'!G7) -> 353535 | G7: =$D7*('[1]가운출고량(류)'!H6+'[1]가운출고량(류)'!H7) -> 449085 | H7: =$D7*('[1]가운출고량(류)'!I6+'[1]가운출고량(류)'!I7) -> 353535 | I7: =$D7*('[1]가운출고량(류)'!J6+'[1]가운출고량(류)'!J7) -> 420420 | J7: =$D7*('[1]가운출고량(류)'!K6+'[1]가운출고량(류)'!K7) -> 420420 | K7: =$D7*('[1]가운출고량(류)'!L6+'[1]가운출고량(류)'!L7) -> 410865 | L7: =$D7*('[1]가운출고량(류)'!M6+'[1]가운출고량(류)'!M7) -> 382200 | ... P7: =$D7*('[1]가운출고량(류)'!Q6+'[1]가운출고량(류)'!Q7) -> 439530 | Q7: =($D7/1.1)*('가운출고량(류)5월'!AF$5+'가운출고량(류)5월'!AF$6) -> 416366.36 | R7: =($D7/1.1)*('가운출고량(류)5월'!AG$5+'가운출고량(류)5월'!AG$6) -> 330081.82 | S7: =($D7/1.1)*('가운출고량(류)5월'!AH$5+'가운출고량(류)5월'!AH$6) -> 364827.27 | T7: =($D7/1.1)*('가운출고량(류)5월'!AI$5+'가운출고량(류)5월'!AI$6) -> 399572.73 | U7: =($D7/1.1)*('가운출고량(류)5월'!AJ$5+'가운출고량(류)5월'!AJ$6) -> 330081.82 | V7: =($D7/1.1)*('가운출고량(류)5월'!AK$5+'가운출고량(류)5월'!AK$6) -> 0 | W7: =($D7/1.1)*('가운출고량(류)5월'!AL$5+'가운출고량(류)5월'!AL$6) -> 0 | X7: =($D7/1.1)*('가운출고량(류)5월'!AM$5+'가운출고량(류)5월'!AM$6) -> 0 | ... AB7: =($D7/1.1)*('가운출고량(류)5월'!AQ$5+'가운출고량(류)5월'!AQ$6) -> 0 | AC7: =SUM(Q7:AB7) -> 1840930
C8: 파랑 | D8: 737 | E8: =$D8*('[1]가운출고량(류)'!F8+'[1]가운출고량(류)'!F9) -> 636768 | F8: =$D8*('[1]가운출고량(류)'!G8+'[1]가운출고량(류)'!G9) -> 583704 | G8: =$D8*('[1]가운출고량(류)'!H8+'[1]가운출고량(류)'!H9) -> 725208 | H8: =$D8*('[1]가운출고량(류)'!I8+'[1]가운출고량(류)'!I9) -> 636768 | I8: =$D8*('[1]가운출고량(류)'!J8+'[1]가운출고량(류)'!J9) -> 778272 | J8: =$D8*('[1]가운출고량(류)'!K8+'[1]가운출고량(류)'!K9) -> 698676 | K8: =$D8*('[1]가운출고량(류)'!L8+'[1]가운출고량(류)'!L9) -> 840180 | L8: =$D8*('[1]가운출고량(류)'!M8+'[1]가운출고량(류)'!M9) -> 822492 | ... P8: =$D8*('[1]가운출고량(류)'!Q8+'[1]가운출고량(류)'!Q9) -> 698676 | Q8: =($D8/1.1)*('가운출고량(류)5월'!AF$3+'가운출고량(류)5월'!AF$4) -> 707520 | R8: =($D8/1.1)*('가운출고량(류)5월'!AG$3+'가운출고량(류)5월'!AG$4) -> 538680 | S8: =($D8/1.1)*('가운출고량(류)5월'!AH$3+'가운출고량(류)5월'!AH$4) -> 474360 | T8: =($D8/1.1)*('가운출고량(류)5월'!AI$3+'가운출고량(류)5월'!AI$4) -> 611040 | U8: =($D8/1.1)*('가운출고량(류)5월'!AJ$3+'가운출고량(류)5월'!AJ$4) -> 458280 | V8: =($D8/1.1)*('가운출고량(류)5월'!AK$3+'가운출고량(류)5월'!AK$4) -> 0 | W8: =($D8/1.1)*('가운출고량(류)5월'!AL$3+'가운출고량(류)5월'!AL$4) -> 0 | X8: =($D8/1.1)*('가운출고량(류)5월'!AM$3+'가운출고량(류)5월'!AM$4) -> 0 | ... AB8: =($D8/1.1)*('가운출고량(류)5월'!AQ$3+'가운출고량(류)5월'!AQ$4) -> 0 | AC8: =SUM(Q8:AB8) -> 2789880
C9: P-COVER | D9: 228 | Q9: =($D9/1.1)*('가운출고량(류)5월'!AF$10+'가운출고량(류)5월'!AF$11) -> 122290.91 | R9: =($D9/1.1)*('가운출고량(류)5월'!AG$10+'가운출고량(류)5월'!AG$11) -> 107781.82 | S9: =($D9/1.1)*('가운출고량(류)5월'!AH$10+'가운출고량(류)5월'!AH$11) -> 124363.64 | T9: =($D9/1.1)*('가운출고량(류)5월'!AI$10+'가운출고량(류)5월'!AI$11) -> 107781.82 | U9: =($D9/1.1)*('가운출고량(류)5월'!AJ$10+'가운출고량(류)5월'!AJ$11) -> 91200 | V9: =($D9/1.1)*('가운출고량(류)5월'!AK$10+'가운출고량(류)5월'!AK$11) -> 0 | W9: =($D9/1.1)*('가운출고량(류)5월'!AL$10+'가운출고량(류)5월'!AL$11) -> 0 | X9: =($D9/1.1)*('가운출고량(류)5월'!AM$10+'가운출고량(류)5월'!AM$11) -> 0 | ... AB9: =($D9/1.1)*('가운출고량(류)5월'!AQ$10+'가운출고량(류)5월'!AQ$11) -> 0 | AC9: =SUM(Q9:AB9) -> 553418.18
C10: 멸균합계 | E10: =E7+E8 -> 1076298 | F10: =F7+F8 -> 937239 | G10: =G7+G8 -> 1174293 | H10: =H7+H8 -> 990303 | I10: =I7+I8 -> 1198692 | J10: =J7+J8 -> 1119096 | K10: =K7+K8 -> 1251045 | L10: =L7+L8 -> 1204692 | ... P10: =P7+P8 -> 1138206 | Q10: =SUM(Q7:Q9) -> 1246177.3 | R10: =SUM(R7:R9) -> 976543.64 | S10: =SUM(S7:S9) -> 963550.91 | T10: =SUM(T7:T9) -> 1118394.5 | U10: =SUM(U7:U9) -> 879561.82 | V10: =SUM(V7:V9) -> 0 | W10: =SUM(W7:W9) -> 0 | X10: =SUM(X7:X9) -> 0 | ... AB10: =SUM(AB7:AB9) -> 0 | AC10: =SUM(Q10:AB10) -> 5184228.2
B11: 부천 합계 | E11: =E6+E10 -> 1188298 | F11: =F6+F10 -> 1032439 | G11: =G6+G10 -> 1235893 | H11: =H6+H10 -> 1046303 | I11: =I6+I10 -> 1254692 | J11: =J6+J10 -> 1175096 | K11: =K6+K10 -> 1307045 | L11: =L6+L10 -> 1277492 | ... AB11: =AB6+AB10 -> 0 | AC11: =SUM(Q11:AB11) -> 5479773.6
A12: 인천 | B12: 비멸균 | C12: 경량OB | D12: 195 | E12: =$D12*('[1]가운출고량(류)'!F13) -> 0 | F12: =$D12*('[1]가운출고량(류)'!G13) -> 0 | G12: =$D12*('[1]가운출고량(류)'!H13) -> 0 | H12: =$D12*('[1]가운출고량(류)'!I13) -> 0 | I12: =$D12*('[1]가운출고량(류)'!J13) -> 0 | J12: =$D12*('[1]가운출고량(류)'!K13) -> 0 | K12: =$D12*('[1]가운출고량(류)'!L13) -> 0 | L12: =$D12*('[1]가운출고량(류)'!M13) -> 130455 | ... P12: =$D12*('[1]가운출고량(류)'!Q13) -> 105300 | Q12: =($D12/1.1)*('가운출고량(류)5월'!AF$19) -> 127636.36 | R12: =($D12/1.1)*('가운출고량(류)5월'!AG$19) -> 85090.909 | S12: =($D12/1.1)*('가운출고량(류)5월'!AH$19) -> 63818.182 | T12: =($D12/1.1)*('가운출고량(류)5월'!AI$19) -> 85090.909 | U12: =($D12/1.1)*('가운출고량(류)5월'!AJ$19) -> 85090.909 | V12: =($D12/1.1)*('가운출고량(류)5월'!AK$19) -> 0 | W12: =($D12/1.1)*('가운출고량(류)5월'!AL$19) -> 0 | X12: =($D12/1.1)*('가운출고량(류)5월'!AM$19) -> 0 | ... AB12: =($D12/1.1)*('가운출고량(류)5월'!AQ$19) -> 0 | AC12: =SUM(Q12:AB12) -> 446727.27
C13: 노랑 | D13: 224 | E13: =$D13*('[1]가운출고량(류)'!F14+'[1]가운출고량(류)'!F15) -> 184800 | F13: =$D13*('[1]가운출고량(류)'!G14+'[1]가운출고량(류)'!G15) -> 151200 | G13: =$D13*('[1]가운출고량(류)'!H14+'[1]가운출고량(류)'!H15) -> 179200 | H13: =$D13*('[1]가운출고량(류)'!I14+'[1]가운출고량(류)'!I15) -> 151200 | I13: =$D13*('[1]가운출고량(류)'!J14+'[1]가운출고량(류)'!J15) -> 196000 | J13: =$D13*('[1]가운출고량(류)'!K14+'[1]가운출고량(류)'!K15) -> 140000 | K13: =$D13*('[1]가운출고량(류)'!L14+'[1]가운출고량(류)'!L15) -> 145600 | L13: =$D13*('[1]가운출고량(류)'!M14+'[1]가운출고량(류)'!M15) -> 128800 | ... P13: =$D13*('[1]가운출고량(류)'!Q14+'[1]가운출고량(류)'!Q15) -> 67200 | Q13: =($D13/1.1)*('가운출고량(류)5월'!AF$17+'가운출고량(류)5월'!AF$18) -> 45818.182 | R13: =($D13/1.1)*('가운출고량(류)5월'!AG$17+'가운출고량(류)5월'!AG$18) -> 61090.909 | S13: =($D13/1.1)*('가운출고량(류)5월'!AH$17+'가운출고량(류)5월'!AH$18) -> 76363.636 | T13: =($D13/1.1)*('가운출고량(류)5월'!AI$17+'가운출고량(류)5월'!AI$18) -> 96727.273 | U13: =($D13/1.1)*('가운출고량(류)5월'!AJ$17+'가운출고량(류)5월'!AJ$18) -> 30545.455 | V13: =($D13/1.1)*('가운출고량(류)5월'!AK$17+'가운출고량(류)5월'!AK$18) -> 0 | W13: =($D13/1.1)*('가운출고량(류)5월'!AL$17+'가운출고량(류)5월'!AL$18) -> 0 | X13: =($D13/1.1)*('가운출고량(류)5월'!AM$17+'가운출고량(류)5월'!AM$18) -> 0 | ... AB13: =($D13/1.1)*('가운출고량(류)5월'!AQ$17+'가운출고량(류)5월'!AQ$18) -> 0 | AC13: =SUM(Q13:AB13) -> 310545.45
C14: 비멸균합계 | E14: =E12+E13 -> 184800 | F14: =F12+F13 -> 151200 | G14: =G12+G13 -> 179200 | H14: =H12+H13 -> 151200 | I14: =I12+I13 -> 196000 | J14: =J12+J13 -> 140000 | K14: =K12+K13 -> 145600 | L14: =L12+L13 -> 259255 | ... P14: =P12+P13 -> 172500 | Q14: =SUM(Q12:Q13) -> 173454.55 | R14: =SUM(R12:R13) -> 146181.82 | S14: =SUM(S12:S13) -> 140181.82 | T14: =SUM(T12:T13) -> 181818.18 | U14: =SUM(U12:U13) -> 115636.36 | V14: =SUM(V12:V13) -> 0 | W14: =SUM(W12:W13) -> 0 | X14: =SUM(X12:X13) -> 0 | ... AB14: =SUM(AB12:AB13) -> 0 | AC14: =SUM(Q14:AB14) -> 757272.73
B15: 멸균 | C15: 보라 | D15: 637 | E15: =$D15*('[1]가운출고량(류)'!F16+'[1]가운출고량(류)'!F17) -> 477750 | F15: =$D15*('[1]가운출고량(류)'!G16+'[1]가운출고량(류)'!G17) -> 353535 | G15: =$D15*('[1]가운출고량(류)'!H16+'[1]가운출고량(류)'!H17) -> 420420 | H15: =$D15*('[1]가운출고량(류)'!I16+'[1]가운출고량(류)'!I17) -> 477750 | I15: =$D15*('[1]가운출고량(류)'!J16+'[1]가운출고량(류)'!J17) -> 543361 | J15: =$D15*('[1]가운출고량(류)'!K16+'[1]가운출고량(류)'!K17) -> 449085 | K15: =$D15*('[1]가운출고량(류)'!L16+'[1]가운출고량(류)'!L17) -> 487305 | L15: =$D15*('[1]가운출고량(류)'!M16+'[1]가운출고량(류)'!M17) -> 305760 | ... P15: =$D15*('[1]가운출고량(류)'!Q16+'[1]가운출고량(류)'!Q17) -> 439530 | Q15: =($D15/1.1)*('가운출고량(류)5월'!AF$15+'가운출고량(류)5월'!AF$16) -> 364827.27 | R15: =($D15/1.1)*('가운출고량(류)5월'!AG$15+'가운출고량(류)5월'!AG$16) -> 242639.09 | S15: =($D15/1.1)*('가운출고량(류)5월'!AH$15+'가운출고량(류)5월'!AH$16) -> 330081.82 | T15: =($D15/1.1)*('가운출고량(류)5월'!AI$15+'가운출고량(류)5월'!AI$16) -> 312709.09 | U15: =($D15/1.1)*('가운출고량(류)5월'!AJ$15+'가운출고량(류)5월'!AJ$16) -> 260590.91 | V15: =($D15/1.1)*('가운출고량(류)5월'!AK$15+'가운출고량(류)5월'!AK$16) -> 0 | W15: =($D15/1.1)*('가운출고량(류)5월'!AL$15+'가운출고량(류)5월'!AL$16) -> 0 | X15: =($D15/1.1)*('가운출고량(류)5월'!AM$15+'가운출고량(류)5월'!AM$16) -> 0 | ... AB15: =($D15/1.1)*('가운출고량(류)5월'!AQ$15+'가운출고량(류)5월'!AQ$16) -> 0 | AC15: =SUM(Q15:AB15) -> 1510848.2
C16: 파랑 | D16: 737 | E16: =$D16*('[1]가운출고량(류)'!F18+'[1]가운출고량(류)'!F19) -> 1158564 | F16: =$D16*('[1]가운출고량(류)'!G18+'[1]가운출고량(류)'!G19) -> 937464 | G16: =$D16*('[1]가운출고량(류)'!H18+'[1]가운출고량(류)'!H19) -> 1220472 | H16: =$D16*('[1]가운출고량(류)'!I18+'[1]가운출고량(류)'!I19) -> 1070124 | I16: =$D16*('[1]가운출고량(류)'!J18+'[1]가운출고량(류)'!J19) -> 1201310 | J16: =$D16*('[1]가운출고량(류)'!K18+'[1]가운출고량(류)'!K19) -> 988317 | K16: =$D16*('[1]가운출고량(류)'!L18+'[1]가운출고량(류)'!L19) -> 1281643 | L16: =$D16*('[1]가운출고량(류)'!M18+'[1]가운출고량(류)'!M19) -> 1132032 | ... P16: =$D16*('[1]가운출고량(류)'!Q18+'[1]가운출고량(류)'!Q19) -> 1210891 | Q16: =($D16/1.1)*('가운출고량(류)5월'!AF$13+'가운출고량(류)5월'!AF$14) -> 1093440 | R16: =($D16/1.1)*('가운출고량(류)5월'!AG$13+'가운출고량(류)5월'!AG$14) -> 900480 | S16: =($D16/1.1)*('가운출고량(류)5월'!AH$13+'가운출고량(류)5월'!AH$14) -> 988920 | T16: =($D16/1.1)*('가운출고량(류)5월'!AI$13+'가운출고량(류)5월'!AI$14) -> 964800 | U16: =($D16/1.1)*('가운출고량(류)5월'!AJ$13+'가운출고량(류)5월'!AJ$14) -> 940680 | V16: =($D16/1.1)*('가운출고량(류)5월'!AK$13+'가운출고량(류)5월'!AK$14) -> 0 | W16: =($D16/1.1)*('가운출고량(류)5월'!AL$13+'가운출고량(류)5월'!AL$14) -> 0 | X16: =($D16/1.1)*('가운출고량(류)5월'!AM$13+'가운출고량(류)5월'!AM$14) -> 0 | ... AB16: =($D16/1.1)*('가운출고량(류)5월'!AQ$13+'가운출고량(류)5월'!AQ$14) -> 0 | AC16: =SUM(Q16:AB16) -> 4888320
C17: P-COVER | D17: 228 | Q17: =($D17/1.1)*('가운출고량(류)5월'!AF$20+'가운출고량(류)5월'!AF$21) -> 0 | R17: =($D17/1.1)*('가운출고량(류)5월'!AG$20+'가운출고량(류)5월'!AG$21) -> 0 | S17: =($D17/1.1)*('가운출고량(류)5월'!AH$20+'가운출고량(류)5월'!AH$21) -> 0 | T17: =($D17/1.1)*('가운출고량(류)5월'!AI$20+'가운출고량(류)5월'!AI$21) -> 0 | U17: =($D17/1.1)*('가운출고량(류)5월'!AJ$20+'가운출고량(류)5월'!AJ$21) -> 0 | V17: =($D17/1.1)*('가운출고량(류)5월'!AK$20+'가운출고량(류)5월'!AK$21) -> 0 | W17: =($D17/1.1)*('가운출고량(류)5월'!AL$20+'가운출고량(류)5월'!AL$21) -> 0 | X17: =($D17/1.1)*('가운출고량(류)5월'!AM$20+'가운출고량(류)5월'!AM$21) -> 0 | ... AB17: =($D17/1.1)*('가운출고량(류)5월'!AQ$20+'가운출고량(류)5월'!AQ$21) -> 0 | AC17: =SUM(Q17:AB17) -> 0
C18: 멸균합계 | E18: =E15+E16 -> 1636314 | F18: =F15+F16 -> 1290999 | G18: =G15+G16 -> 1640892 | H18: =H15+H16 -> 1547874 | I18: =I15+I16 -> 1744671 | J18: =J15+J16 -> 1437402 | K18: =K15+K16 -> 1768948 | L18: =L15+L16 -> 1437792 | ... P18: =P15+P16 -> 1650421 | Q18: =SUM(Q15:Q17) -> 1458267.3 | R18: =SUM(R15:R17) -> 1143119.1 | S18: =SUM(S15:S17) -> 1319001.8 | T18: =SUM(T15:T17) -> 1277509.1 | U18: =SUM(U15:U17) -> 1201270.9 | V18: =SUM(V15:V17) -> 0 | W18: =SUM(W15:W17) -> 0 | X18: =SUM(X15:X17) -> 0 | ... AB18: =SUM(AB15:AB17) -> 0 | AC18: =SUM(Q18:AB18) -> 6399168.2
B19: 인천 합계 | E19: =E14+E18 -> 1821114 | F19: =F14+F18 -> 1442199 | G19: =G14+G18 -> 1820092 | H19: =H14+H18 -> 1699074 | I19: =I14+I18 -> 1940671 | J19: =J14+J18 -> 1577402 | K19: =K14+K18 -> 1914548 | L19: =L14+L18 -> 1697047 | ... AB19: =AB14+AB18 -> 0 | AC19: =SUM(Q19:AB19) -> 7156440.9
A20: 총합계 | E20: =E11+E19 -> 3009412 | F20: =F11+F19 -> 2474638 | G20: =G11+G19 -> 3055985 | H20: =H11+H19 -> 2745377 | I20: =I11+I19 -> 3195363 | J20: =J11+J19 -> 2752498 | K20: =K11+K19 -> 3221593 | L20: =L11+L19 -> 2974539 | ... AB20: =AB11+AB19 -> 0 | AC20: =SUM(Q20:AB20) -> 12636215

Sheet 가운출고량(류)5월
A1: 순번 | B1: 매입처명 | C1: 제품코드 | D1: 출력명 | E1: 규격 | F1: 2024년 01월 | G1: 2024년 02월 | H1: 2024년 03월 | I1: 2024년 04월 | J1: 2024년 05월 | K1: 2024년 06월 | L1: 2024년 07월 | M1: 2024년 08월 | N1: 2024년 09월 | O1: 2024년 10월 | P1: 2024년 11월 | Q1: 2024년 12월 | R1: 합 계 | S1: 2025년 1월 | T1: 2025년 2월 | U1: 2025년 3월 | V1: 2025년 4월 | W1: 2025년 5월 | X1: 2025년 6월 | Y1: 2025년 7월 | Z1: 2025년 8월 | AA1: 2025년 9월 | AB1: 2025년 10월 | AC1: 2025년 11월 | AD1: 2025년 12월 | AE1: 합 계 | AF1: 2026년 1월 | AG1: 2026년 2월 | AH1: 2026년 3월 | AI1: 2026년 4월 | AJ1: 2026년 5월 | AK1: 2026년 6월 | AL1: 2026년 7월 | AM1: 2026년 8월 | AN1: 2026년 9월 | AO1: 2026년 10월 | AP1: 2026년 11월 | AQ1: 2026년 12월 | AR1: 합 계
A2: 순번 | F2: 수량 | G2: 수량 | H2: 수량 | I2: 수량 | J2: 수량 | K2: 수량 | L2: 수량 | M2: 수량 | N2: 수량 | O2: 수량 | P2: 수량 | Q2: 수량 | R2: 수량 | S2: 수량 | T2: 수량 | U2: 수량 | V2: 수량 | W2: 수량 | X2: 수량 | Y2: 수량 | Z2: 수량 | AA2: 수량 | AB2: 수량 | AC2: 수량 | AD2: 수량 | AE2: 수량 | AF2: 수량 | AG2: 수량 | AH2: 수량 | AI2: 수량 | AJ2: 수량 | AK2: 수량 | AL2: 수량 | AM2: 수량 | AN2: 수량 | AO2: 수량 | AP2: 수량 | AQ2: 수량 | AR2: 수량
A3: 1 | B3: 부천세종병원 | C3: 40621 | D3: 렌탈멸균가운(파랑) | E3: M | F3: 420 | G3: 384 | H3: 468 | I3: 396 | J3: 528 | K3: 468 | L3: 576 | M3: 612 | N3: 372 | O3: 480 | P3: 444 | Q3: 456 | R3: =SUM(F3:Q3) -> 5604 | S3: 432 | T3: 444 | U3: 432 | V3: 480 | W3: 384 | X3: 384 | Y3: 432 | Z3: 432 | AA3: 468 | AB3: 384 | AC3: 408 | AD3: 516 | AE3: =SUM(S3:AD3) -> 5196 | AF3: 552 | AG3: 408 | AH3: 372 | AI3: 480 | AJ3: 372 | AR3: =SUM(AF3:AQ3) -> 2184
A4: 2 | B4: 부천세종병원 | C4: 40622 | D4: 렌탈멸균가운(파랑) | E4: XL | F4: 444 | G4: 408 | H4: 516 | I4: 468 | J4: 528 | K4: 480 | L4: 564 | M4: 504 | N4: 360 | O4: 468 | P4: 456 | Q4: 492 | R4: =SUM(F4:Q4) -> 5688 | S4: 396 | T4: 408 | U4: 408 | V4: 492 | W4: 396 | X4: 420 | Y4: 456 | Z4: 372 | AA4: 480 | AB4: 384 | AC4: 372 | AD4: 492 | AE4: =SUM(S4:AD4) -> 5076 | AF4: 504 | AG4: 396 | AH4: 336 | AI4: 432 | AJ4: 312 | AR4: =SUM(AF4:AQ4) -> 1980
A5: 3 | B5: 부천세종병원 | C5: 40623 | D5: 렌탈멸균가운(보라) | E5: M | F5: 480 | G5: 390 | H5: 510 | I5: 405 | J5: 480 | K5: 435 | L5: 480 | M5: 405 | N5: 360 | O5: 435 | P5: 510 | Q5: 495 | R5: =SUM(F5:Q5) -> 5385 | S5: 448 | T5: 540 | U5: 465 | V5: 540 | W5: 375 | X5: 510 | Y5: 420 | Z5: 480 | AA5: 420 | AB5: 390 | AC5: 450 | AD5: 570 | AE5: =SUM(S5:AD5) -> 5608 | AF5: 539 | AG5: 420 | AH5: 450 | AI5: 480 | AJ5: 420 | AR5: =SUM(AF5:AQ5) -> 2309
A6: 4 | B6: 부천세종병원 | C6: 40624 | D6: 렌탈멸균가운(보라) | E6: XL | F6: 210 | G6: 165 | H6: 195 | I6: 150 | J6: 180 | K6: 225 | L6: 165 | M6: 195 | N6: 165 | O6: 120 | P6: 180 | Q6: 195 | R6: =SUM(F6:Q6) -> 2145 | S6: 150 | T6: 210 | U6: 120 | V6: 195 | W6: 90 | X6: 150 | Y6: 270 | Z6: 180 | AA6: 180 | AB6: 120 | AC6: 120 | AD6: 210 | AE6: =SUM(S6:AD6) -> 1995 | AF6: 180 | AG6: 150 | AH6: 180 | AI6: 210 | AJ6: 150 | AR6: =SUM(AF6:AQ6) -> 870
A7: 5 | B7: 부천세종병원 | C7: 41629 | D7: 렌탈비멸균가운(노랑) | E7: M | F7: 325 | G7: 275 | H7: 200 | I7: 200 | J7: 200 | K7: 150 | L7: 150 | M7: 200 | N7: 150 | O7: 100 | P7: 100 | Q7: 200 | R7: =SUM(F7:Q7) -> 2250 | S7: 200 | T7: 250 | U7: 75 | W7: 25 | X7: 50 | Y7: 25 | Z7: 50 | AA7: 50 | AB7: 50 | AC7: 50 | AD7: 50 | AE7: =SUM(S7:AD7) -> 875 | AF7: 25 | AG7: 25 | AH7: 25 | AI7: 50 | AJ7: 25 | AR7: =SUM(AF7:AQ7) -> 150
A8: 6 | B8: 부천세종병원 | C8: 40625 | D8: 렌탈비멸균가운(노랑) | E8: L | F8: 175 | G8: 150 | H8: 75 | I8: 50 | J8: 50 | K8: 100 | L8: 100 | M8: 125 | N8: 150 | O8: 150 | P8: 200 | Q8: 150 | R8: =SUM(F8:Q8) -> 1475 | S8: 200 | T8: 100 | U8: 100 | V8: 175 | W8: 75 | X8: 25 | Y8: 50 | Z8: 25 | AA8: 50 | AB8: 50 | AC8: 25 | AD8: 25 | AE8: =SUM(S8:AD8) -> 900 | AF8: 25 | AG8: 25 | AH8: 0 | AI8: 50 | AJ8: 0 | AR8: =SUM(AF8:AQ8) -> 100
A9: 7 | B9: 부천세종병원 | C9: 42786 | D9: 경량 Isolation Gown | E9: Open Back | R9: =SUM(F9:Q9) -> 0 | U9: 240 | V9: 420 | W9: 240 | X9: 240 | Y9: 420 | Z9: 240 | AA9: 360 | AB9: 240 | AC9: 300 | AD9: 360 | AE9: =SUM(S9:AD9) -> 3060 | AF9: 240 | AG9: 240 | AH9: 300 | AI9: 360 | AJ9: 240 | AR9: =SUM(AF9:AQ9) -> 1380
A10: 8 | B10: 부천세종병원 | C10: 44037 | D10: 렌탈 멸균 Protect Cover(C30) | E10: 30*30 | R10: =SUM(F10:Q10) -> 0 | V10: 240 | W10: 80 | X10: 200 | Y10: 240 | Z10: 160 | AA10: 80 | AB10: 160 | AC10: 120 | AD10: 120 | AE10: =SUM(S10:AD10) -> 1400 | AF10: 190 | AG10: 160 | AH10: 80 | AI10: 120 | AJ10: 80 | AR10: =SUM(AF10:AQ10) -> 630
A11: 9 | B11: 부천세종병원 | C11: 44038 | D11: 렌탈 멸균 Protect Cover(C50) | E11: 50*50 | R11: =SUM(F11:Q11) -> 0 | V11: 560 | W11: 240 | X11: 360 | Y11: 520 | Z11: 480 | AA11: 80 | AB11: 280 | AC11: 440 | AD11: 480 | AE11: =SUM(S11:AD11) -> 3440 | AF11: 400 | AG11: 360 | AH11: 520 | AI11: 400 | AJ11: 360 | AR11: =SUM(AF11:AQ11) -> 2040
F12: =SUM(F3:F8) -> 2054 | G12: =SUM(G3:G8) -> 1772 | H12: =SUM(H3:H8) -> 1964 | I12: =SUM(I3:I8) -> 1669 | J12: =SUM(J3:J8) -> 1966 | K12: =SUM(K3:K8) -> 1858 | L12: =SUM(L3:L8) -> 2035 | M12: =SUM(M3:M8) -> 2041 | ... Q12: =SUM(Q3:Q8) -> 1988 | R12: =SUM(F12:Q12) -> 22547 | S12: =SUM(S3:S11) -> 1826 | T12: =SUM(T3:T11) -> 1952 | U12: =SUM(U3:U11) -> 1840 | V12: =SUM(V3:V11) -> 3102 | W12: =SUM(W3:W11) -> 1905 | X12: =SUM(X3:X11) -> 2339 | Y12: =SUM(Y3:Y11) -> 2833 | Z12: =SUM(Z3:Z11) -> 2419 | ... AD12: =SUM(AD3:AD11) -> 2823 | AE12: =SUM(S12:AD12) -> 27550 | AF12: =SUM(AF3:AF11) -> 2655 | AG12: =SUM(AG3:AG11) -> 2184 | AH12: =SUM(AH3:AH11) -> 2263 | AI12: =SUM(AI3:AI11) -> 2582 | AJ12: =SUM(AJ3:AJ11) -> 1959 | AK12: =SUM(AK3:AK11) -> 0 | AL12: =SUM(AL3:AL11) -> 0 | AM12: =SUM(AM3:AM11) -> 0 | ... AQ12: =SUM(AQ3:AQ11) -> 0 | AR12: =SUM(AF12:AQ12) -> 11643
A13: 1 | B13: 인천세종병원 | C13: 40621 | D13: 렌탈멸균가운(파랑) | E13: M | F13: 840 | G13: 576 | H13: 804 | I13: 780 | J13: 839 | K13: 706 | L13: 912 | M13: 780 | N13: 732 | O13: 756 | P13: 851 | Q13: 851 | R13: =SUM(F13:Q13) -> 9427 | S13: 888 | T13: 816 | U13: 863 | V13: 924 | W13: 804 | X13: 815 | Y13: 924 | Z13: 780 | AA13: 935 | AB13: 768 | AC13: 660 | AD13: 780 | AE13: =SUM(S13:AD13) -> 9957 | AF13: 816 | AG13: 684 | AH13: 804 | AI13: 792 | AJ13: 708 | AR13: =SUM(AF13:AQ13) -> 3804
A14: 2 | B14: 인천세종병원 | C14: 40622 | D14: 렌탈멸균가운(파랑) | E14: XL | F14: 732 | G14: 696 | H14: 852 | I14: 672 | J14: 791 | K14: 635 | L14: 827 | M14: 756 | N14: 756 | O14: 672 | P14: 828 | Q14: 792 | R14: =SUM(F14:Q14) -> 9009 | S14: 684 | T14: 600 | U14: 672 | V14: 600 | W14: 636 | X14: 600 | Y14: 660 | Z14: 672 | AA14: 708 | AB14: 636 | AC14: 684 | AD14: 708 | AE14: =SUM(S14:AD14) -> 7860 | AF14: 816 | AG14: 660 | AH14: 672 | AI14: 648 | AJ14: 696 | AR14: =SUM(AF14:AQ14) -> 3492
A15: 3 | B15: 인천세종병원 | C15: 40623 | D15: 렌탈멸균가운(보라) | E15: M | F15: 120 | G15: 135 | H15: 120 | I15: 150 | J15: 195 | K15: 120 | L15: 150 | M15: 75 | N15: 120 | O15: 120 | P15: 135 | Q15: 120 | R15: =SUM(F15:Q15) -> 1560 | S15: 30 | Z15: 0 | AA15: 0 | AB15: 0 | AC15: 0 | AD15: 0 | AE15: =SUM(S15:AD15) -> 30 | AF15: 0 | AG15: 0 | AH15: 0 | AI15: 0 | AJ15: 0 | AR15: =SUM(AF15:AQ15) -> 0
A16: 4 | B16: 인천세종병원 | C16: 40624 | D16: 렌탈멸균가운(보라) | E16: XL | F16: 630 | G16: 420 | H16: 540 | I16: 600 | J16: 658 | K16: 585 | L16: 615 | M16: 405 | N16: 330 | O16: 405 | P16: 495 | Q16: 570 | R16: =SUM(F16:Q16) -> 6253 | S16: 495 | T16: 420 | U16: 630 | V16: 690 | W16: 540 | X16: 540 | Y16: 600 | Z16: 600 | AA16: 480 | AB16: 480 | AC16: 510 | AD16: 570 | AE16: =SUM(S16:AD16) -> 6555 | AF16: 630 | AG16: 419 | AH16: 570 | AI16: 540 | AJ16: 450 | AR16: =SUM(AF16:AQ16) -> 2609
A17: 5 | B17: 인천세종병원 | C17: 41629 | D17: 렌탈비멸균가운(노랑) | E17: M | F17: 425 | G17: 650 | H17: 750 | I17: 675 | J17: 850 | K17: 575 | L17: 625 | M17: 525 | N17: 400 | O17: 350 | P17: 225 | Q17: 275 | R17: =SUM(F17:Q17) -> 6325 | S17: 350 | T17: 375 | U17: 200 | V17: 350 | W17: 350 | X17: 250 | Y17: 275 | Z17: 300 | AA17: 275 | AB17: 300 | AC17: 275 | AD17: 300 | AE17: =SUM(S17:AD17) -> 3600 | AF17: 225 | AG17: 300 | AH17: 375 | AI17: 475 | AJ17: 150 | AR17: =SUM(AF17:AQ17) -> 1525
A18: 6 | B18: 인천세종병원 | C18: 40625 | D18: 렌탈비멸균가운(노랑) | E18: L | F18: 400 | G18: 25 | H18: 50 | J18: 25 | K18: 50 | L18: 25 | M18: 50 | N18: 50 | O18: 75 | Q18: 25 | R18: =SUM(F18:Q18) -> 775 | S18: 50 | T18: 50 | U18: 25 | V18: 50 | W18: 25 | X18: 25 | Y18: 50 | Z18: 0 | AA18: 0 | AB18: 0 | AC18: 0 | AD18: 0 | AE18: =SUM(S18:AD18) -> 275 | AF18: 0 | AG18: 0 | AH18: 0 | AI18: 0 | AJ18: 0 | AR18: =SUM(AF18:AQ18) -> 0
A19: 7 | B19: 인천세종병원 | C19: 42786 | D19: 경량 Isolation Gown | E19: Open Back | M19: 669 | N19: 660 | O19: 600 | P19: 480 | Q19: 540 | R19: =SUM(F19:Q19) -> 2949 | S19: 540 | T19: 780 | U19: 420 | V19: 900 | W19: 780 | X19: 720 | Y19: 720 | Z19: 780 | AA19: 960 | AB19: 660 | AC19: 660 | AD19: 480 | AE19: =SUM(S19:AD19) -> 8400 | AF19: 720 | AG19: 480 | AH19: 360 | AI19: 480 | AJ19: 480 | AR19: =SUM(AF19:AQ19) -> 2520
A20: 8 | B20: 인천세종병원 | C20: 44037 | D20: 렌탈 멸균 Protect Cover(C30) | E20: 30*30 | R20: =SUM(F20:Q20) -> 0 | Z20: 0 | AA20: 0 | AB20: 0 | AC20: 0 | AD20: 0 | AE20: =SUM(S20:AD20) -> 0 | AF20: 0 | AG20: 0 | AH20: 0 | AI20: 0 | AJ20: 0 | AR20: =SUM(AF20:AQ20) -> 0
A21: 9 | B21: 인천세종병원 | C21: 44038 | D21: 렌탈 멸균 Protect Cover(C50) | E21: 50*50 | R21: =SUM(F21:Q21) -> 0 | V21: 120 | W21: 80 | X21: 120 | Y21: 40 | Z21: 40 | AA21: 0 | AB21: 0 | AC21: 0 | AD21: 0 | AE21: =SUM(S21:AD21) -> 400 | AF21: 0 | AG21: 0 | AH21: 0 | AI21: 0 | AJ21: 0 | AR21: =SUM(AF21:AQ21) -> 0
F22: =SUM(F18:F18) -> 400 | G22: =SUM(G18:G18) -> 25 | H22: =SUM(H18:H18) -> 50 | I22: =SUM(I18:I18) -> 0 | J22: =SUM(J18:J18) -> 25 | K22: =SUM(K18:K18) -> 50 | L22: =SUM(L18:L18) -> 25 | M22: =SUM(M18:M18) -> 50 | ... Q22: =SUM(Q18:Q18) -> 25 | R22: =SUM(F22:Q22) -> 775 | S22: =SUM(S13:S21) -> 3037 | T22: =SUM(T13:T21) -> 3041 | U22: =SUM(U13:U21) -> 2810 | V22: =SUM(V13:V21) -> 3634 | W22: =SUM(W13:W21) -> 3215 | X22: =SUM(X13:X21) -> 3070 | Y22: =SUM(Y13:Y21) -> 3269 | Z22: =SUM(Z13:Z21) -> 3172 | ... AD22: =SUM(AD13:AD21) -> 2838 | AE22: =SUM(S22:AD22) -> 37077 | AF22: =SUM(AF13:AF21) -> 3207 | AG22: =SUM(AG13:AG21) -> 2543 | AH22: =SUM(AH13:AH21) -> 2781 | AI22: =SUM(AI13:AI21) -> 2935 | AJ22: =SUM(AJ13:AJ21) -> 2484 | AK22: =SUM(AK13:AK21) -> 0 | AL22: =SUM(AL13:AL21) -> 0 | AM22: =SUM(AM13:AM21) -> 0 | ... AQ22: =SUM(AQ13:AQ21) -> 0 | AR22: =SUM(AF22:AQ22) -> 13950
J24: L2 | K24: L3 | L24: 계
I25: 부천멸균 | J25: =AE5+AE6 -> 7603 | K25: =AE3+AE4 -> 10272 | L25: =J25+K25 -> 17875 | O25: 165 | P25: =$L$27*O25 -> 6975705 | AE25: 타월
I26: 인천멸균 | J26: =AE15+AE16 -> 6585 | K26: =AE13+AE14 -> 17817 | L26: =J26+K26 -> 24402 | N26: 146 | O26: 177 | P26: =(J27*N26)+(K27*O26) -> 7043201 | AE26: 파우치
I27: 계 | J27: =J25+J26 -> 14188 | K27: =K25+K26 -> 28089 | L27: =L25+L26 -> 42277 | O27: 26 | P27: =$L$27*O27 -> 1099202 | AE27: INDICATOR
O28: 13 | P28: =$L$27*O28 -> 549601 | AE28: S.LABEL

Sheet 감가요약(25.12.31)
B2: ◎ 스테리케어 월 감가상각비 요약
H3: 25/12/31 기준
C4: 과목 | D4: 기초가액 | E4: 당기상각비 | F4: 당기말상각누계액 | G4: 미상각잔액 | H4: 월 상각비 | L4: 24년도 기준 상각비
B5: 1 | C5: 기계장치 | D5: ='[2]감가상각 상세(25.12.31)'!G19 -> 530005273 | E5: ='[2]감가상각 상세(25.12.31)'!O19 -> 110645118 | F5: ='[2]감가상각 상세(25.12.31)'!Q19 -> 398317519 | G5: ='[2]감가상각 상세(25.12.31)'!R19 -> 134687754 | H5: =E5/12 -> 9220426.5 | L5: 14816804
B6: 2 | C6: 차량운반구 | D6: ='[2]감가상각 상세(25.12.31)'!G21 -> 57163731 | E6: ='[2]감가상각 상세(25.12.31)'!O21 -> 9898142 | F6: ='[2]감가상각 상세(25.12.31)'!Q21 -> 45114772 | G6: ='[2]감가상각 상세(25.12.31)'!R21 -> 12048959 | H6: =E6/12 -> 824845.17 | L6: 1941686.8
B7: 3 | C7: 비품 | D7: ='[2]감가상각 상세(25.12.31)'!G42 -> 49681000 | E7: ='[2]감가상각 상세(25.12.31)'!O42 -> 11912567 | F7: ='[2]감가상각 상세(25.12.31)'!Q42 -> 36382872 | G7: ='[2]감가상각 상세(25.12.31)'!R42 -> 16940128 | H7: =E7/12 -> 992713.92 | L7: 1330296.1
B8: 4 | C8: 시설장치 | D8: ='[2]감가상각 상세(25.12.31)'!G62 -> 406480000 | E8: ='[2]감가상각 상세(25.12.31)'!O62 -> 75945252 | F8: ='[2]감가상각 상세(25.12.31)'!Q62 -> 316136836 | G8: ='[2]감가상각 상세(25.12.31)'!R62 -> 98998619 | H8: =E8/12 -> 6328771 | L8: 11315737
B9: 5 | C9: 섬유자산 | D9: ='[2]감가상각 상세(25.12.31)'!G83 -> 172351410 | E9: ='[2]감가상각 상세(25.12.31)'!O83 -> 34608389 | F9: ='[2]감가상각 상세(25.12.31)'!Q83 -> 174467089 | G9: ='[2]감가상각 상세(25.12.31)'!R83 -> 33244471 | H9: =E9/12 -> 2884032.4
B10: 합 계 | D10: =SUM(D5:D9) -> 1215681414 | E10: =SUM(E5:E9) -> 243009468 | F10: =SUM(F5:F9) -> 970419088 | G10: =SUM(G5:G9) -> 295919931 | H10: =SUM(H5:H9) -> 20250789 | I10: =H10-(E10/12) -> 0
B11: 6 | C11: 개발비 | D11: ='[3]감가상각 상세'!G77 -> 19083336 | E11: ='[4]감가상각 상세'!O79 -> 4400000 | F11: ='[4]감가상각 상세'!Q79 -> 4400000 | G11: ='[4]감가상각 상세'!R79 -> 14683336 | H11: =E11/12 -> 366666.67 | L11: 120833.08
B12: 5 | C12: 소프트웨어 | D12: ='[3]감가상각 상세'!G82 -> 55867 | E12: ='[4]감가상각 상세'!O84 -> 52867 | F12: ='[4]감가상각 상세'!Q84 -> 52867 | G12: ='[4]감가상각 상세'!R84 -> 3000 | H12: =E12/12 -> 4405.5833 | L12: 37181.75
B13: 7 | C13: 기타의무형자산 | D13: ='[3]감가상각 상세'!G86 -> 3265154 | E13: ='[4]감가상각 상세'!O88 -> 999999 | F13: ='[4]감가상각 상세'!Q88 -> 999999 | G13: ='[4]감가상각 상세'!R88 -> 2265155 | H13: =E13/12 -> 83333.25 | L13: 83333.25
B14: 합 계 | D14: =SUM(D11:D13) -> 22404357 | E14: =SUM(E11:E13) -> 5452866 | F14: =SUM(F11:F13) -> 5452866 | G14: =SUM(G11:G13) -> 16951491 | H14: =SUM(H11:H13) -> 454405.5 | I14: =H14-(E14/12) -> 0
B15: 합 계 | D15: =D10+D14 -> 1238085771 | E15: =E10+E14 -> 248462334 | F15: =F10+F14 -> 975871954 | G15: =G10+G14 -> 312871422 | H15: =E15/12 -> 20705194 | I15: 월 감가상각비 반영

Sheet 감가상각 상세(25.12.31)
B1: ◎ 스테리케어 고정자산 상세(2025.12.31 기준)
A2: 자산 | B2: 구분 | C2: 연도 | D2: 코드 | E2: 자산 | F2: 취득일 | G2: 기초가액 | H2: 당기증감 | I2: 기말잔액 | J2: 전기말상각누계액 | K2: 상각대상금액 | L2: 년수 | M2: 상각률 | N2: 월수 | O2: 당기상각비 | P2: 특별상각비 | Q2: 당기말상각누계액 | R2: 미상각잔액
A3: 유 형 자 산 | B3: 기계장치 | C3: 2023년 | D3: 1 | E3: 중고 컴프레셔 외 | F3: 2023-05-04 | G3: 16800000 | H3: 0 | I3: 16800000 | J3: 10349908 | K3: 6450092 | L3: 5 | M3: 0.451 | N3: 12 | O3: 2908991 | P3: 0 | Q3: 13258899 | R3: 3541101
D4: 2 | E4: 롤테이너(대)하단막이 10 X 185,000 | F4: 2023-06-13 | G4: 4450000 | H4: 0 | I4: 4450000 | J4: 2649675 | K4: 1800325 | L4: 5 | M4: 0.451 | N4: 12 | O4: 811946 | P4: 0 | Q4: 3461621 | R4: 988379
D5: 3 | E5: 재단접착기 1 X 3,322,000 | F5: 2023-06-15 | G5: 3322000 | H5: 0 | I5: 3322000 | J5: 1978027 | K5: 1343973 | L5: 5 | M5: 0.451 | N5: 12 | O5: 606131 | P5: 0 | Q5: 2584158 | R5: 737842
D6: 4 | E6: 자동결속기(KM-60) 1 X 4,300,000 | F6: 2023-06-21 | G6: 4300000 | H6: 0 | I6: 4300000 | J6: 2560360 | K6: 1739640 | L6: 5 | M6: 0.451 | N6: 12 | O6: 784577 | P6: 0 | Q6: 3344937 | R6: 955063
D7: 5 | E7: 장비2(산업용세탁장비) | F7: 2023-06-28 | G7: 85950000 | H7: 0 | I7: 85950000 | J7: 51177444 | K7: 34772556 | L7: 5 | M7: 0.451 | N7: 12 | O7: 15682422 | P7: 0 | Q7: 66859866 | R7: 19090134
D8: 6 | E8: 장비1(산업용세탁장비) | F8: 2023-06-28 | G8: 179500000 | H8: 3000000 | I8: 182500000 | J8: 106880178 | K8: 75619822 | L8: 5 | M8: 0.451 | N8: 12 | O8: 34104539 | P8: 0 | Q8: 140984717 | R8: 41515283
D9: 7 | E9: 고압증기멸균기 | F9: 2023-06-30 | G9: 119190909 | H9: 0 | I9: 119190909 | J9: 70970170 | K9: 48220739 | L9: 5 | M9: 0.451 | N9: 12 | O9: 21747553 | P9: 0 | Q9: 92717723 | R9: 26473186
D10: 8 | E10: 급수펌프 납품외 | F10: 2023-08-01 | G10: 2400000 | H10: 0 | I10: 2400000 | J10: 1329999 | K10: 1070001 | L10: 5 | M10: 0.451 | N10: 12 | O10: 482570 | P10: 0 | Q10: 1812569 | R10: 587431
D11: 2023 합계 | G11: =SUM(G3:G10) -> 415912909 | H11: =SUM(H3:H10) -> 3000000 | I11: =SUM(I3:I10) -> 418912909 | J11: =SUM(J3:J10) -> 247895761 | K11: =SUM(K3:K10) -> 171017148 | O11: =SUM(O3:O10) -> 77128729 | P11: =SUM(P3:P10) -> 0 | Q11: =SUM(Q3:Q10) -> 325024490 | R11: =SUM(R3:R10) -> 93888419
C12: 2024년 | D12: 9 | E12: 장비3(산업용세탁장비) | F12: 2024-03-14 | G12: 69200000 | H12: 0 | I12: 69200000 | J12: 26007666 | K12: 43192334 | L12: 5 | M12: 0.451 | N12: 12 | O12: 19479742 | P12: 0 | Q12: 45487408 | R12: 23712592
D13: 10 | E13: 자동결속기(KM-60) | F13: 2024-04-11 | G13: 8756000 | H13: 0 | I13: 8756000 | J13: 2961717 | K13: 5794283 | L13: 5 | M13: 0.451 | N13: 12 | O13: 2613221 | P13: 0 | Q13: 5574938 | R13: 3181062
D14: 11 | E14: 산업용세탁기 및 건조기 | F14: 2024-04-15 | G14: 17300000 | H14: 0 | I14: 17300000 | J14: 5851725 | K14: 11448275 | L14: 5 | M14: 0.451 | N14: 12 | O14: 5163172 | P14: 0 | Q14: 11014897 | R14: 6285103
D15: 12 | E15: 재단접착기 1 X 3,018,182 | F15: 2024-06-19 | G15: 3018182 | H15: 0 | I15: 3018182 | J15: 794033 | K15: 2224149 | L15: 5 | M15: 0.451 | N15: 12 | O15: 1003091 | P15: 0 | Q15: 1797124 | R15: 1221058
D16: 13 | E16: 0.8톤 중고 가스보일러 | F16: 2024-06-19 | G16: 14000000 | H16: 0 | I16: 14000000 | J16: 3683166 | K16: 10316834 | L16: 5 | M16: 0.451 | N16: 12 | O16: 4652892 | P16: 0 | Q16: 8336058 | R16: 5663942
D17: 14 | E17: 전자식유량계 1 X 1,818,182 | F17: 2024-06-20 | G17: 1818182 | H17: 0 | I17: 1818182 | J17: 478333 | K17: 1339849 | L17: 5 | M17: 0.451 | N17: 12 | O17: 604271 | P17: 0 | Q17: 1082604 | R17: 735578
D18: 2024 합계 | G18: =SUM(G12:G17) -> 114092364 | H18: =SUM(H12:H17) -> 0 | I18: =SUM(I12:I17) -> 114092364 | J18: =SUM(J12:J17) -> 39776640 | K18: =SUM(K12:K17) -> 74315724 | O18: =SUM(O12:O17) -> 33516389 | P18: =SUM(P12:P17) -> 0 | Q18: =SUM(Q12:Q17) -> 73293029 | R18: =SUM(R12:R17) -> 40799335
B19: 기계장치 합계 | G19: =G11+G18 -> 530005273 | H19: =H11+H18 -> 3000000 | I19: =I11+I18 -> 533005273 | J19: =J11+J18 -> 287672401 | K19: =K11+K18 -> 245332872 | O19: =O11+O18 -> 110645118 | P19: =P11+P18 -> 0 | Q19: =Q11+Q18 -> 398317519 | R19: =R11+R18 -> 134687754
B20: 차량운반구 | C20: 2023년 | D20: 10 | E20: 845부2564 | F20: 2023-05-08 | G20: 57163731 | H20: 0 | I20: 57163731 | J20: 35216630 | K20: 21947101 | L20: 5 | M20: 0.451 | N20: 12 | O20: 9898142 | P20: 0 | Q20: 45114772 | R20: 12048959
B21: 차량운반구 합계 | G21: =SUM(G20) -> 57163731 | H21: =SUM(H20) -> 0 | I21: =SUM(I20) -> 57163731 | J21: =SUM(J20) -> 35216630 | K21: =SUM(K20) -> 21947101 | O21: =SUM(O20) -> 9898142 | P21: =SUM(P20) -> 0 | Q21: =SUM(Q20) -> 45114772 | R21: =SUM(R20) -> 12048959
B22: 비품 | C22: 2022년 | D22: 60 | E22: 원단검사광원(프로파일 포함) | F22: 2022-09-29 | G22: 1550000 | H22: 0 | I22: 1550000 | J22: 1153059 | K22: 396941 | L22: 5 | M22: 0.451 | N22: 12 | O22: 179020 | P22: 0 | Q22: 1332079 | R22: 217921
C23: 2023년 | D23: 62 | E23: 컴퓨터주변기기 외 | F23: 2023-01-31 | G23: 1240000 | H23: 0 | I23: 1240000 | J23: 866262 | K23: 373738 | L23: 5 | M23: 0.451 | N23: 12 | O23: 168555 | P23: 0 | Q23: 1034817 | R23: 205183
D24: 1 | E24: 김포공장 외부판넬(300㎡) 유성KS | F24: 2023-04-14 | G24: 2400000 | H24: 0 | I24: 2400000 | J24: 1528078 | K24: 871922 | L24: 5 | M24: 0.451 | N24: 12 | O24: 393236 | P24: 0 | Q24: 1921314 | R24: 478686
D25: 3 | E25: 지붕천막/지붕천막보수/문짝/고소작업대 외 | F25: 2023-05-27 | G25: 8700000 | H25: 0 | I25: 8700000 | J25: 5359774 | K25: 3340226 | L25: 5 | M25: 0.451 | N25: 12 | O25: 1506441 | P25: 0 | Q25: 6866215 | R25: 1833785
D26: 6 | E26: 와이어 선반 제작 | F26: 2023-06-07 | G26: 2222000 | H26: 0 | I26: 2222000 | J26: 1323051 | K26: 898949 | L26: 5 | M26: 0.451 | N26: 12 | O26: 405425 | P26: 0 | Q26: 1728476 | R26: 493524
D27: 7 | E27: 와이어셀프 망(옆면,뒷면막음) | F27: 2023-06-28 | G27: 1008000 | H27: 0 | I27: 1008000 | J27: 600196 | K27: 407804 | L27: 5 | M27: 0.451 | N27: 12 | O27: 183919 | P27: 0 | Q27: 784115 | R27: 223885
D28: 9 | E28: 세탁물작업대_시설장치內 | F28: 2023-06-28 | G28: 8700000 | H28: 0 | I28: 8700000 | J28: 5180264 | K28: 3519736 | L28: 5 | M28: 0.451 | N28: 12 | O28: 1587400 | P28: 0 | Q28: 6767664 | R28: 1932336
D29: 19 | E29: 세탁물 와이어 선반 주문제작 | F29: 2023-07-13 | G29: 1300000 | H29: 0 | I29: 1300000 | J29: 747239 | K29: 552761 | L29: 5 | M29: 0.451 | N29: 12 | O29: 249295 | P29: 0 | Q29: 996534 | R29: 303466
D30: 20 | E30: 와이어셀프구르마 | F30: 2023-11-08 | G30: 1300000 | H30: 0 | I30: 1300000 | J30: 639946 | K30: 660054 | L30: 5 | M30: 0.451 | N30: 12 | O30: 297684 | P30: 0 | Q30: 937630 | R30: 362370
D31: 21 | E31: 와이어셀프 | F31: 2023-11-28 | G31: 2175000 | H31: 0 | I31: 2175000 | J31: 1070679 | K31: 1104321 | L31: 5 | M31: 0.451 | N31: 12 | O31: 498048 | P31: 0 | Q31: 1568727 | R31: 606273
D32: 2022+2023 합계 | G32: =SUM(G22:G31) -> 30595000 | H32: =SUM(H22:H31) -> 0 | I32: =SUM(I22:I31) -> 30595000 | J32: =SUM(J22:J31) -> 18468548 | K32: =SUM(K22:K31) -> 12126452 | O32: =SUM(O22:O31) -> 5469023 | P32: =SUM(P22:P31) -> 0 | Q32: =SUM(Q22:Q31) -> 23937571 | R32: =SUM(R22:R31) -> 6657429
C33: 2024년 | D33: 23 | E33: 롤테이너(대) 카트 기본형(접이식) 10ea / 하단막이(고정식) 20ea | F33: 2024-04-11 | G33: 4900000 | H33: 0 | I33: 4900000 | J33: 1657425 | K33: 3242575 | L33: 5 | M33: 0.451 | N33: 12 | O33: 1462401 | P33: 0 | Q33: 3119826 | R33: 1780174
D34: 24 | E34: 카트커버 60 X 73,000 | F34: 2024-04-23 | G34: 4380000 | H34: 0 | I34: 4380000 | J34: 1481535 | K34: 2898465 | L34: 5 | M34: 0.451 | N34: 12 | O34: 1307207 | P34: 0 | Q34: 2788742 | R34: 1591258
D35: 25 | E35: 카트커버 30 X 73,000 | F35: 2024-04-29 | G35: 2190000 | H35: 0 | I35: 2190000 | J35: 740767 | K35: 1449233 | L35: 5 | M35: 0.451 | N35: 12 | O35: 653604 | P35: 0 | Q35: 1394371 | R35: 795629
D36: 26 | E36: 롤테이너(대) 기본형_카트 | F36: 2024-05-10 | G36: 3150000 | H36: 0 | I36: 3150000 | J36: 947100 | K36: 2202900 | L36: 5 | M36: 0.451 | N36: 12 | O36: 993507 | P36: 0 | Q36: 1940607 | R36: 1209393
D37: 27 | E37: 롤테이너(대) 기본형 30 X 140,000 | F37: 2024-06-25 | G37: 4466000 | H37: 0 | I37: 4466000 | J37: 1174930 | K37: 3291070 | L37: 5 | M37: 0.451 | N37: 12 | O37: 1484272 | P37: 0 | Q37: 2659202 | R37: 1806798
D38: 2024 합계 | G38: =SUM(G33:G37) -> 19086000 | H38: =SUM(H33:H37) -> 0 | I38: =SUM(I33:I37) -> 19086000 | J38: =SUM(J33:J37) -> 6001757 | K38: =SUM(K33:K37) -> 13084243 | O38: =SUM(O33:O37) -> 5900991 | P38: =SUM(P33:P37) -> 0 | Q38: =SUM(Q33:Q37) -> 11902748 | R38: =SUM(R33:R37) -> 7183252
C39: 2025년 | D39: 28 | E39: [정부보조금] 이동식에어컨(WPC-6900P) 3대 | F39: 2025-05-30 | G39: 0 | H39: 1542000 | I39: 1542000 | J39: 0 | K39: 1542000 | L39: 5 | M39: 0.451 | N39: 8 | O39: 463628 | P39: 0 | Q39: 463628 | R39: 1078372
D40: 31 | E40: 롤테이너(대)하단막이 12 X 175,000 | F40: 2025-12-18 | G40: 0 | H40: 2100000 | I40: 2100000 | J40: 0 | K40: 2100000 | L40: 5 | M40: 0.451 | N40: 1 | O40: 78925 | P40: 0 | Q40: 78925 | R40: 2021075
D41: 2025 합계 | G41: =SUM(G39:G40) -> 0 | H41: =SUM(H39:H40) -> 3642000 | I41: =SUM(I39:I40) -> 3642000 | J41: =SUM(J39:J40) -> 0 | K41: =SUM(K39:K40) -> 3642000 | O41: =SUM(O39:O40) -> 542553 | P41: =SUM(P39:P40) -> 0 | Q41: =SUM(Q39:Q40) -> 542553 | R41: =SUM(R39:R40) -> 3099447
B42: 비품 합계 | G42: =G32+G38+G41 -> 49681000 | H42: =H32+H38+H41 -> 3642000 | I42: =I32+I38+I41 -> 53323000 | J42: =J32+J38+J41 -> 24470305 | K42: =K32+K38+K41 -> 28852695 | O42: =O32+O38+O41 -> 11912567 | P42: =P32+P38+P41 -> 0 | Q42: =Q32+Q38+Q41 -> 36382872 | R42: =R32+R38+R41 -> 16940128
B43: 시설장치 | C43: 2023년 | D43: 14 | E43: 지하수개발 | F43: 2023-04-24 | G43: 13000000 | H43: 0 | I43: 13000000 | J43: 8277090 | K43: 4722910 | L43: 5 | M43: 0.451 | N43: 12 | O43: 2130032 | P43: 0 | Q43: 10407122 | R43: 2592878
D44: 15 | E44: 오수처리시설 설치공사 | F44: 2023-05-02 | G44: 8400000 | H44: 0 | I44: 8400000 | J44: 5174954 | K44: 3225046 | L44: 5 | M44: 0.451 | N44: 12 | O44: 1454495 | P44: 0 | Q44: 6629449 | R44: 1770551
D45: 16 | E45: 아스콘포장 | F45: 2023-05-16 | G45: 9400000 | H45: 0 | I45: 9400000 | J45: 5791020 | K45: 3608980 | L45: 5 | M45: 0.451 | N45: 12 | O45: 1627649 | P45: 0 | Q45: 7418669 | R45: 1981331
D46: 10 | E46: 분전함 설치 외 간선 전기공사 | F46: 2023-05-31 | G46: 21000000 | H46: 0 | I46: 21000000 | J46: 12937386 | K46: 8062614 | L46: 5 | M46: 0.451 | N46: 12 | O46: 3636238 | P46: 0 | Q46: 16573624 | R46: 4426376
D47: 12 | E47: 공장 바닥 에폭시라이닝 공사 | F47: 2023-06-08 | G47: 9400000 | H47: 0 | I47: 9400000 | J47: 5597067 | K47: 3802933 | L47: 5 | M47: 0.451 | N47: 12 | O47: 1715122 | P47: 0 | Q47: 7312189 | R47: 2087811
D48: 22 | E48: 민간건설공사 | F48: 2023-06-28 | G48: 13800000 | H48: 0 | I48: 13800000 | J48: 8216971 | K48: 5583029 | L48: 5 | M48: 0.451 | N48: 12 | O48: 2517946 | P48: 0 | Q48: 10734917 | R48: 3065083
D49: 23 | E49: 전기공사 | F49: 2023-06-28 | G49: 22000000 | H49: 0 | I49: 22000000 | J49: 13099520 | K49: 8900480 | L49: 5 | M49: 0.451 | N49: 12 | O49: 4014116 | P49: 0 | Q49: 17113636 | R49: 4886364
D50: 19 | E50: 판넬추가공사 | F50: 2023-06-28 | G50: 37000000 | H50: 0 | I50: 37000000 | J50: 22031011 | K50: 14968989 | L50: 5 | M50: 0.451 | N50: 12 | O50: 6751014 | P50: 0 | Q50: 28782025 | R50: 8217975
D51: 20 | E51: 배관공사 | F51: 2023-06-28 | G51: 6900000 | H51: 0 | I51: 6900000 | J51: 4108485 | K51: 2791515 | L51: 5 | M51: 0.451 | N51: 12 | O51: 1258973 | P51: 0 | Q51: 5367458 | R51: 1532542
D52: 1 | E52: 김포 세탁물공장 클린룸공사(잔금) | F52: 2023-06-30 | G52: 185000000 | H52: 0 | I52: 185000000 | J52: 110155058 | K52: 74844942 | L52: 5 | M52: 0.451 | N52: 12 | O52: 33755068 | P52: 0 | Q52: 143910126 | R52: 41089874
D53: 2 | E53: 폐수처리시설설치공사비 | F53: 2023-07-04 | G53: 57000000 | H53: 0 | I53: 57000000 | J53: 32763571 | K53: 24236429 | L53: 5 | M53: 0.451 | N53: 12 | O53: 10930629 | P53: 0 | Q53: 43694200 | R53: 13305800
D54: 25 | E54: 조명테이블 제작 1 X 14,000,000 | F54: 2023-08-03 | G54: 14000000 | H54: 0 | I54: 14000000 | J54: 7758327 | K54: 6241673 | L54: 5 | M54: 0.451 | N54: 12 | O54: 2814994 | P54: 0 | Q54: 10573321 | R54: 3426679
D55: 26 | E55: 배관보온공사 | F55: 2023-10-30 | G55: 6600000 | H55: 0 | I55: 6600000 | J55: 3385138 | K55: 3214862 | L55: 5 | M55: 0.451 | N55: 12 | O55: 1449902 | P55: 0 | Q55: 4835040 | R55: 1764960
D56: 2023 합계 | G56: =SUM(G43:G55) -> 403500000 | H56: =SUM(H43:H55) -> 0 | I56: =SUM(I43:I55) -> 403500000 | J56: =SUM(J43:J55) -> 239295598 | K56: =SUM(K43:K55) -> 164204402 | O56: =SUM(O43:O55) -> 74056178 | P56: =SUM(P43:P55) -> 0 | Q56: =SUM(Q43:Q55) -> 313351776 | R56: =SUM(R43:R55) -> 90148224
C57: 2024년 | D57: 3 | E57: 세탁동 뒤편 천막 덧씌우기 작업 | F57: 2024-05-10 | G57: 2980000 | H57: 0 | I57: 2980000 | J57: 895986 | K57: 2084014 | L57: 5 | M57: 0.451 | N57: 12 | O57: 939890 | P57: 0 | Q57: 1835876 | R57: 1144124
D58: 2024 합계 | G58: =SUM(G57) -> 2980000 | H58: =SUM(H57) -> 0 | I58: =SUM(I57) -> 2980000 | J58: =SUM(J57) -> 895986 | K58: =SUM(K57) -> 2084014 | O58: =SUM(O57) -> 939890 | P58: =SUM(P57) -> 0 | Q58: =SUM(Q57) -> 1835876 | R58: =SUM(R57) -> 1144124
C59: 2025년 | D59: 4 | E59: [스테리케어] 전기설비 공사 | F59: 2025-08-18 | G59: 0 | H59: 4150000 | I59: 4150000 | J59: 0 | K59: 4150000 | L59: 5 | M59: 0.451 | N59: 5 | O59: 779854 | P59: 0 | Q59: 779854 | R59: 3370146
D60: 8 | E60: [스테리케어] CCTV 설치 | F60: 2025-12-19 | G60: 0 | H60: 4505455 | I60: 4505455 | J60: 0 | K60: 4505455 | L60: 5 | M60: 0.451 | N60: 1 | O60: 169330 | P60: 0 | Q60: 169330 | R60: 4336125
D61: 2025 합계 | G61: =SUM(G59:G60) -> 0 | H61: =SUM(H59:H60) -> 8655455 | I61: =SUM(I59:I60) -> 8655455 | J61: =SUM(J59:J60) -> 0 | K61: =SUM(K59:K60) -> 8655455 | O61: =SUM(O59:O60) -> 949184 | P61: =SUM(P59:P60) -> 0 | Q61: =SUM(Q59:Q60) -> 949184 | R61: =SUM(R59:R60) -> 7706271
B62: 시설장치 합계 | E62: [소계] 시설장치 | G62: =G56+G58+G61 -> 406480000 | H62: =H56+H58+H61 -> 8655455 | I62: =I56+I58+I61 -> 415135455 | J62: =J56+J58+J61 -> 240191584 | K62: =K56+K58+K61 -> 174943871 | O62: =O56+O58+O61 -> 75945252 | P62: =P56+P58+P61 -> 0 | Q62: =Q56+Q58+Q61 -> 316136836 | R62: =R56+R58+R61 -> 98998619
B63: 섬유자산 | C63: 2023년 | D63: 1 | E63: 섬유자산_수술용 가운 외(2년감가상각) | F63: 2023-05-31 | G63: 42042350 | H63: 0 | I63: 42042350 | J63: 37523385 | K63: 4518965 | L63: 2 | M63: 0.777 | N63: 12 | O63: 4517965 | P63: 0 | Q63: 42041350 | R63: 1000
D64: 2 | E64: RG123YPB외(2년감가상각) | F64: 2023-11-30 | G64: 51895540 | H64: 0 | I64: 51895540 | J64: 41821499 | K64: 10074041 | L64: 2 | M64: 0.777 | N64: 12 | O64: 10073041 | P64: 0 | Q64: 51894540 | R64: 1000
D65: 12 | E65: 섬유자산/당기제품제조원가 처리 미계상분 | F65: 2023-12-31 | G65: 44925470 | H65: 0 | I65: 44925470 | J65: 44925470 | K65: 0 | L65: 2 | M65: 0.777 | N65: 12 | O65: 0 | P65: 0 | Q65: 44925470 | R65: 0
D66: 2023 합계 | G66: =SUM(G63:G65) -> 138863360 | H66: =SUM(H63:H65) -> 0 | I66: =SUM(I63:I65) -> 138863360 | J66: =SUM(J63:J65) -> 124270354 | K66: =SUM(K63:K65) -> 14593006 | O66: =SUM(O63:O65) -> 14591006 | P66: =SUM(P63:P65) -> 0 | Q66: =SUM(Q63:Q65) -> 138861360 | R66: =SUM(R63:R65) -> 2000
C67: 2024년 | D67: 3 | E67: 랩퍼용 원단1 (2년감가상각) | F67: 2024-01-31 | G67: 1294400 | H67: 0 | I67: 1294400 | J67: 1005748 | K67: 288652 | L67: 2 | M67: 0.777 | N67: 12 | O67: 287652 | P67: 0 | Q67: 1293400 | R67: 1000
D68: 4 | E68: 경량가운2종에 대한 원단_포마트 출고 (2년감가상각) | F68: 2024-04-30 | G68: 18725000 | H68: 0 | I68: 18725000 | J68: 10911993 | K68: 7813007 | L68: 2 | M68: 0.777 | N68: 12 | O68: 6070706 | P68: 0 | Q68: 16982699 | R68: 1742301
D69: 5 | E69: 랩퍼용 원단2 (2년감가상각) | F69: 2024-06-28 | G69: 1410000 | H69: 0 | I69: 1410000 | J69: 639082 | K69: 770918 | L69: 2 | M69: 0.777 | N69: 12 | O69: 599003 | P69: 0 | Q69: 1238085 | R69: 171915
D70: 6 | E70: 원단1 (2년감가상각) | F70: 2024-07-31 | G70: 2282850 | H70: 0 | I70: 2282850 | J70: 886887 | K70: 1395963 | L70: 2 | M70: 0.777 | N70: 12 | O70: 1084663 | P70: 0 | Q70: 1971550 | R70: 311300
D71: 7 | E71: 원단2 (2년감가상각) | F71: 2024-08-31 | G71: 1897200 | H71: 0 | I71: 1897200 | J71: 614218 | K71: 1282982 | L71: 2 | M71: 0.777 | N71: 12 | O71: 996877 | P71: 0 | Q71: 1611095 | R71: 286105
D72: 8 | E72: 원단3 (2년감가상각) | F72: 2024-10-31 | G72: 7878600 | H72: 0 | I72: 7878600 | J72: 1530418 | K72: 6348182 | L72: 2 | M72: 0.777 | N72: 12 | O72: 4932537 | P72: 0 | Q72: 6462955 | R72: 1415645
D73: 2024 합계 | G73: =SUM(G67:G72) -> 33488050 | H73: =SUM(H67:H72) -> 0 | I73: =SUM(I67:I72) -> 33488050 | J73: =SUM(J67:J72) -> 15588346 | K73: =SUM(K67:K72) -> 17899704 | O73: =SUM(O67:O72) -> 13971438 | P73: =SUM(P67:P72) -> 0 | Q73: =SUM(Q67:Q72) -> 29559784 | R73: =SUM(R67:R72) -> 3928266
C74: 2025년 | D74: 9 | E74: 경량햄퍼백원단, 방수베개커버원단, 방수베개커버 코팅비_(주)씨앤에이원 | F74: 2025-02-28 | G74: 0 | H74: 3525600 | I74: 3525600 | K74: 3525600 | L74: 2 | M74: 0.777 | N74: 11 | O74: 2511108 | Q74: 2511108 | R74: 1014492 | S74: ▶가운원가 섬유자산 산입
D75: 10 | E75: LEVEL2 보라가운 원단(SUPRON-HTC,GRCRCP,P,640KRO) 3,827 | F75: 2025-11-14 | G75: 0 | H75: 10141550 | I75: 10141550 | J75: 0 | K75: 10141550 | L75: 2 | M75: 0.777 | N75: 2 | O75: 1313330 | P75: 0 | Q75: 1313330 | R75: 8828220
D76: 11 | E76: 가운백 원단, 랩퍼 원단_사무실 샘플용 원단 제외분 | F76: 2025-11-30 | G76: 0 | H76: 2128000 | I76: 2128000 | J76: 0 | K76: 2128000 | L76: 2 | M76: 0.777 | N76: 2 | O76: 275576 | P76: 0 | Q76: 275576 | R76: 1852424
D77: 13 | E77: [스테리케어] e.o gas bag_주식회사라파 | F77: 46021 | H77: 7337000 | I77: 7337000 | K77: 7337000 | L77: 2 | M77: 0.777 | N77: 1 | O77: 475070 | P77: 0 | Q77: 475070 | R77: 6861930 | S77: ▶가운원가 섬유자산 산입
D78: 14 | E78: [스테리케어] Hand Towel (100ea) 비멸균_(주)세종헬스케어 | F78: 46022 | H78: 6480000 | I78: 6480000 | K78: 6480000 | L78: 2 | M78: 0.777 | N78: 1 | O78: 419580 | P78: 0 | Q78: 419580 | R78: 6060420 | S78: ▶가운원가 섬유자산 산입
D79: 15 | E79: 경량햄퍼백,방수베개커버/경량햄퍼(인천세종납품분)작업분_일조완성센타(개인) | F79: 45961 | H79: 4740000 | I79: 4740000 | K79: 4740000 | L79: 2 | M79: 0.777 | N79: 3 | O79: 920745 | P79: 0 | Q79: 920745 | R79: 3819255 | S79: ▶가운원가 섬유자산 산입
D80: 16 | E80: RFID UHF 세탁용태그 : 70 x 15 [mm]_유비코어 | F80: 45980 | H80: 800000 | I80: 800000 | K80: 800000 | L80: 2 | M80: 0.777 | N80: 2 | O80: 103600 | P80: 0 | Q80: 103600 | R80: 696400 | S80: ▶가운원가 섬유자산 산입
D81: 17 | E81: 가운 케어/제조국라벨(C/L 2도 인쇄)_흥일라벨 | F81: 45980 | H81: 208000 | I81: 208000 | K81: 208000 | L81: 2 | M81: 0.777 | N81: 2 | O81: 26936 | P81: 0 | Q81: 26936 | R81: 181064 | S81: ▶가운원가 섬유자산 산입
D82: 2025 합계 | G82: =SUM(G74:G81) -> 0 | H82: =SUM(H74:H81) -> 35360150 | I82: =SUM(I74:I81) -> 35360150 | J82: =SUM(J74:J81) -> 0 | K82: =SUM(K74:K81) -> 35360150 | O82: =SUM(O74:O81) -> 6045945 | P82: =SUM(P74:P81) -> 0 | Q82: =SUM(Q74:Q81) -> 6045945 | R82: =SUM(R74:R81) -> 29314205
B83: 섬유자산 합계 | E83: [소계] 시설장치 | G83: =G66+G73+G82 -> 172351410 | H83: =H66+H73+H82 -> 35360150 | I83: =I66+I73+I82 -> 207711560 | J83: =J66+J73+J82 -> 139858700 | K83: =K66+K73+K82 -> 67852860 | O83: =O66+O73+O82 -> 34608389 | P83: =P66+P73+P82 -> 0 | Q83: =Q66+Q73+Q82 -> 174467089 | R83: =R66+R73+R82 -> 33244471
B84: 유형자산 합 계 | G84: =G19+G21+G42+G62+G83 -> 1215681414 | H84: =H19+H21+H42+H62+H83 -> 50657605 | I84: =I19+I21+I42+I62+I83 -> 1266339019 | J84: =J19+J21+J42+J62+J83 -> 727409620 | K84: =K19+K21+K42+K62+K83 -> 538929399 | O84: =O19+O21+O42+O62+O83 -> 243009468 | P84: =P19+P21+P42+P62+P83 -> 0 | Q84: =Q19+Q21+Q42+Q62+Q83 -> 970419088 | R84: =R19+R21+R42+R62+R83 -> 295919931
A85: 무 형 자 산 | B85: 개발비 | C85: 2023년 | D85: 13 | E85: RFID UHF 세탁물 카운팅 시스템 | F85: 2023-04-24 | G85: 8550000 | H85: 0 | I85: 8550000 | J85: 1450000 | K85: 10000000 | L85: 5 | M85: 0.2 | N85: 12 | O85: 2000000 | P85: 0 | Q85: 2000000 | R85: 6550000
D86: 12 | E86: RFID세탁물관리시스템 개발비(할부 1/11) 1 X 1,000,000 | F86: 2023-12-27 | G86: 983333 | H86: 0 | I86: 983333 | J86: 16667 | K86: 1000000 | L86: 5 | M86: 0.2 | N86: 12 | O86: 200000 | P86: 0 | Q86: 200000 | R86: 783333
D87: 2023 합계 | G87: =SUM(G85:G86) -> 9533333 | H87: =SUM(H85:H86) -> 0 | I87: =SUM(I85:I86) -> 9533333 | J87: =SUM(J85:J86) -> 1466667 | K87: =SUM(K85:K86) -> 11000000 | O87: =SUM(O85:O86) -> 2200000 | P87: =SUM(P85:P86) -> 0 | Q87: =SUM(Q85:Q86) -> 2200000 | R87: =SUM(R85:R86) -> 7333333
C88: 2024년 | D88: 1 | E88: RFID세탁물관리시스템 웹페이지 수정/보완 1 X 1,000,000 | F88: 2024-01-29 | G88: 800000 | H88: 0 | I88: 800000 | J88: 200000 | K88: 1000000 | L88: 5 | M88: 0.2 | N88: 12 | O88: 200000 | P88: 0 | Q88: 200000 | R88: 600000
D89: 2 | E89: RFID세탁물관리시스템 개발비(할부 2/11) 1 X 1,000,000 | F89: 2024-01-29 | G89: 800000 | H89: 0 | I89: 800000 | J89: 200000 | K89: 1000000 | L89: 5 | M89: 0.2 | N89: 12 | O89: 200000 | P89: 0 | Q89: 200000 | R89: 600000
D90: 3 | E90: RFID세탁물관리시스템 개발비(할부 3/11) 1 X 1,000,000 | F90: 2024-02-26 | G90: 816667 | H90: 0 | I90: 816667 | J90: 183333 | K90: 1000000 | L90: 5 | M90: 0.2 | N90: 12 | O90: 200000 | P90: 0 | Q90: 200000 | R90: 616667
D91: 4 | E91: RFID세탁물관리시스템 개발비(할부 4/11) 1 X 1,000,000 | F91: 2024-03-25 | G91: 833334 | H91: 0 | I91: 833334 | J91: 166666 | K91: 1000000 | L91: 5 | M91: 0.2 | N91: 12 | O91: 200000 | P91: 0 | Q91: 200000 | R91: 633334
D92: 5 | E92: RFID세탁물관리시스템 개발비(할부 5/11) 1 X 1,000,000 | F92: 2024-04-26 | G92: 850000 | H92: 0 | I92: 850000 | J92: 150000 | K92: 1000000 | L92: 5 | M92: 0.2 | N92: 12 | O92: 200000 | P92: 0 | Q92: 200000 | R92: 650000
D93: 6 | E93: RFID세탁물관리시스템 개발비(할부 6/11) 1 X 1,000,000 | F93: 2024-05-28 | G93: 866667 | H93: 0 | I93: 866667 | J93: 133333 | K93: 1000000 | L93: 5 | M93: 0.2 | N93: 12 | O93: 200000 | P93: 0 | Q93: 200000 | R93: 666667
D94: 7 | E94: RFID세탁물관리시스템 개발비(할부 7/11) 1 X 1,000,000 | F94: 2024-06-26 | G94: 883334 | H94: 0 | I94: 883334 | J94: 116666 | K94: 1000000 | L94: 5 | M94: 0.2 | N94: 12 | O94: 200000 | P94: 0 | Q94: 200000 | R94: 683334
D95: 8 | E95: RFID세탁물관리시스템 개발비(할부 8/11) 1 X 1,000,000 | F95: 2024-07-29 | G95: 900000 | H95: 0 | I95: 900000 | J95: 100000 | K95: 1000000 | L95: 5 | M95: 0.2 | N95: 12 | O95: 200000 | P95: 0 | Q95: 200000 | R95: 700000
D96: 9 | E96: RFID세탁물관리시스템 개발비(할부 9/11) 1 X 1,000,000 | F96: 2024-08-28 | G96: 916667 | H96: 0 | I96: 916667 | J96: 83333 | K96: 1000000 | L96: 5 | M96: 0.2 | N96: 12 | O96: 200000 | P96: 0 | Q96: 200000 | R96: 716667
D97: 10 | E97: RFID세탁물관리시스템 개발비(할부 10/11) 1 X 1,000,000 | F97: 2024-09-26 | G97: 933334 | H97: 0 | I97: 933334 | J97: 66666 | K97: 1000000 | L97: 5 | M97: 0.2 | N97: 12 | O97: 200000 | P97: 0 | Q97: 200000 | R97: 733334
D98: 11 | E98: RFID세탁물관리시스템 개발비(할부 11/11) 1 X 1,000,000 | F98: 2024-10-28 | G98: 950000 | H98: 0 | I98: 950000 | J98: 50000 | K98: 1000000 | L98: 5 | M98: 0.2 | N98: 12 | O98: 200000 | P98: 0 | Q98: 200000 | R98: 750000
D99: 2024 합계 | G99: =SUM(G88:G98) -> 9550003 | H99: =SUM(H88:H98) -> 0 | I99: =SUM(I88:I98) -> 9550003 | J99: =SUM(J88:J98) -> 1449997 | K99: =SUM(K88:K98) -> 11000000 | O99: =SUM(O88:O98) -> 2200000 | P99: =SUM(P88:P98) -> 0 | Q99: =SUM(Q88:Q98) -> 2200000 | R99: =SUM(R88:R98) -> 7350003
B100: 개발비 합계 | G100: =G87+G99 -> 19083336 | H100: =H87+H99 -> 0 | I100: =I87+I99 -> 19083336 | J100: =J87+J99 -> 2916664 | K100: =K87+K99 -> 22000000 | O100: =O87+O99 -> 4400000 | P100: =P87+P99 -> 0 | Q100: =Q87+Q99 -> 4400000 | R100: =R87+R99 -> 14683336
...
